HMDB_ID,NAME,SMILES,INCHIKEY,CHEMICAL_FORMULA,AVERAGE_MASS,MONO_MASS
HMDB0000005,2-Ketobutyric acid,CCC(=O)C(O)=O,TYEYBOSBBBHJIV-UHFFFAOYSA-N,C4H6O3,102.0886,102.031694058
HMDB0000008,2-Hydroxybutyric acid,[H]OC(=O)[C@@]([H])(O[H])C([H])([H])C([H])([H])[H],AFENDNXGAFYKQO-VKHMYHEASA-N,C4H8O3,104.105,104.047344118
HMDB0000011,3-Hydroxybutyric acid,C[C@@H](O)CC(O)=O,WHBMMWSBFZVSSR-GSVOUGTGSA-N,C4H8O3,104.1045,104.047344122
HMDB0000017,4-Pyridoxic acid,CC1=NC=C(CO)C(C(O)=O)=C1O,HXACOUQIXZGNBF-UHFFFAOYSA-N,C8H9NO4,183.1614,183.053157781
HMDB0000019,alpha-Ketoisovaleric acid,CC(C)C(=O)C(O)=O,QHKABHOOEWYVLI-UHFFFAOYSA-N,C5H8O3,116.1152,116.047344122
HMDB0000020,p-Hydroxyphenylacetic acid,OC(=O)CC1=CC=C(O)C=C1,XQXPVVBIMDBYFF-UHFFFAOYSA-N,C8H8O3,152.1473,152.047344122
HMDB0000023,(S)-3-Hydroxyisobutyric acid,C[C@@H](CO)C(O)=O,DBXBTMSZEOQQDU-VKHMYHEASA-N,C4H8O3,104.1045,104.047344122
HMDB0000030,Biotin,[H][C@]12CS[C@@H](CCCCC(O)=O)[C@@]1([H])NC(=O)N2,YBJHBAHKTGYVGT-ZKWXMUAHSA-N,C10H16N2O3S,244.311,244.088163078
HMDB0000033,Carnosine,NCCC(=O)N[C@@H](CC1=CN=CN1)C(O)=O,CQOVPNPJLQNMDC-ZETCQYMHSA-N,C9H14N4O3,226.2325,226.106590334
HMDB0000034,Adenine,NC1=C2NC=NC2=NC=N1,GFFGJBXGBJISGV-UHFFFAOYSA-N,C5H5N5,135.1267,135.054495185
HMDB0000037,Aldosterone,[H][C@@]12CC[C@H](C(=O)CO)[C@]1(C[C@H](O)[C@@]1([H])[C@@]2([H])CCC2=CC(=O)CC[C@]12C)C=O,PQSUYGKTWSAVDQ-ZVIOFETBSA-N,C21H28O5,360.444,360.193674006
HMDB0000038,Dihydrobiopterin,C[C@H](O)[C@H](O)C1=NC2=C(NC1)NC(N)=NC2=O,FEMXZDUTFRTWPE-DZSWIPIPSA-N,C9H13N5O3,239.2312,239.101839307
HMDB0000039,Butyric acid,CCCC(O)=O,FERIUCNNQQJTOY-UHFFFAOYSA-N,C4H8O2,88.1051,88.0524295
HMDB0000042,Acetic acid,CC(O)=O,QTBSBXVTEAMEQO-UHFFFAOYSA-N,C2H4O2,60.052,60.021129372
HMDB0000043,Betaine,C[N+](C)(C)CC(O)=O,KWIUHFFTVRNATP-UHFFFAOYSA-O,C5H12NO2,118.1543,118.086803633
HMDB0000044,Ascorbic acid,[H][C@@]1(OC(=O)C(O)=C1O)[C@@H](O)CO,CIWBSHSKHKDKBQ-JLAZNSOCSA-N,C6H8O6,176.1241,176.032087988
HMDB0000045,Adenosine monophosphate,NC1=C2N=CN([C@@H]3O[C@H](COP(O)(O)=O)[C@@H](O)[C@H]3O)C2=NC=N1,UDMBCSSLTHHNCD-KQYNXXCUSA-N,C10H14N5O7P,347.2212,347.063084339
HMDB0000050,Adenosine,NC1=C2N=CN([C@@H]3O[C@H](CO)[C@@H](O)[C@H]3O)C2=NC=N1,OIRDTQYFTABQOQ-KQYNXXCUSA-N,C10H13N5O4,267.2413,267.096753929
HMDB0000056,beta-Alanine,NCCC(O)=O,UCMIRNVEIXFBKS-UHFFFAOYSA-N,C3H7NO2,89.0932,89.047678473
HMDB0000060,Acetoacetic acid,CC(=O)CC(O)=O,WDJHALXBUFZDSR-UHFFFAOYSA-N,C4H6O3,102.0886,102.031694058
HMDB0000062,L-Carnitine,C[N+](C)(C)C[C@H](O)CC([O-])=O,PHIQHXFUZVPYII-ZCFIWIBFSA-N,C7H15NO3,161.1989,161.105193351
HMDB0000063,Cortisol,[H][C@@]12CC[C@](O)(C(=O)CO)[C@@]1(C)C[C@H](O)[C@@]1([H])[C@@]2([H])CCC2=CC(=O)CC[C@]12C,JYGXADMDTFJGBT-VWUMJDOOSA-N,C21H30O5,362.4599,362.20932407
HMDB0000064,Creatine,CN(CC(O)=O)C(N)=N,CVSVTCORWBXHQV-UHFFFAOYSA-N,C4H9N3O2,131.1332,131.069476547
HMDB0000067,Cholesterol,[H][C@@]1(CC[C@@]2([H])[C@]3([H])CC=C4C[C@@H](O)CC[C@]4(C)[C@@]3([H])CC[C@]12C)[C@H](C)CCCC(C)C,HVYWMOMLDIMFJA-DPAQBDIFSA-N,C27H46O,386.6535,386.354866094
HMDB0000070,Pipecolic acid,OC(=O)C1CCCCN1,HXEACLLIILLPRG-UHFFFAOYSA-N,C6H11NO2,129.157,129.078978601
HMDB0000071,Deoxyinosine,OC[C@H]1O[C@H](C[C@@H]1O)N1C=NC2=C1N=CNC2=O,VGONTNSXDCQUGY-RRKCRQDMSA-N,C10H12N4O4,252.23,252.085854882
HMDB0000072,cis-Aconitic acid,OC(=O)C\C(=C\C(O)=O)C(O)=O,GTZCVFVGUGFEME-IWQZZHSRSA-N,C6H6O6,174.1082,174.016437924
HMDB0000076,Dihydrouracil,O=C1CCNC(=O)N1,OIVLITBTBDPEFK-UHFFFAOYSA-N,C4H6N2O2,114.1026,114.042927446
HMDB0000077,Dehydroepiandrosterone,[H][C@@]12CCC(=O)[C@@]1(C)CC[C@@]1([H])[C@@]2([H])CC=C2C[C@@H](O)CC[C@]12C,FMGSKLZLMKYGDP-USOAJAOKSA-N,C19H28O2,288.4244,288.20893014
HMDB0000078,Cysteinylglycine,N[C@@H](CS)C(=O)NCC(O)=O,ZUKPVRWZDMRIEO-VKHMYHEASA-N,C5H10N2O3S,178.21,178.041212886
HMDB0000079,Dihydrothymine,C[C@H]1CNC(=O)NC1=O,NBAKTGXDIBVZOO-VKHMYHEASA-N,C5H8N2O2,128.131,128.058577506
HMDB0000085,Deoxyguanosine,NC1=NC2=C(N=CN2[C@H]2C[C@H](O)[C@@H](CO)O2)C(=O)N1,YKBGVTZYEHREMT-KVQBGUIXSA-N,C10H13N5O4,267.2413,267.096753929
HMDB0000086,Glycerophosphocholine,C[N+](C)(C)CCOP([O-])(=O)OC[C@H](O)CO,SUHOQUVVVLNYQR-MRVPVSSYSA-N,C8H20NO6P,257.223,257.102824366
HMDB0000087,Dimethylamine,CNC,ROSDSFDQCJNGOL-UHFFFAOYSA-N,C2H7N,45.0837,45.057849229
HMDB0000089,Cytidine,NC1=NC(=O)N(C=C1)[C@@H]1O[C@H](CO)[C@@H](O)[C@H]1O,UHDGCWIWMRVCDJ-XVFCMESISA-N,C9H13N3O5,243.2166,243.085520541
HMDB0000092,Dimethylglycine,CN(C)CC(O)=O,FFDGPVCHZBVARC-UHFFFAOYSA-N,C4H9NO2,103.1198,103.063328537
HMDB0000094,Citric acid,OC(=O)CC(O)(CC(O)=O)C(O)=O,KRKNYBCHXYNGOX-UHFFFAOYSA-N,C6H8O7,192.1235,192.02700261
HMDB0000095,Cytidine monophosphate,NC1=NC(=O)N(C=C1)[C@@H]1O[C@H](COP(O)(O)=O)[C@@H](O)[C@H]1O,IERHLVCPSMICTF-XVFCMESISA-N,C9H14N3O8P,323.1965,323.051850951
HMDB0000097,Choline,C[N+](C)(C)CCO,OEYIOHPDSNJKLS-UHFFFAOYSA-N,C5H14NO,104.1708,104.107539075
HMDB0000098,D-Xylose,O[C@@H]1COC(O)[C@H](O)[C@H]1O,SRBFZHDQGSBBOR-IOVATXLUSA-N,C5H10O5,150.1299,150.05282343
HMDB0000107,Galactitol,OC[C@H](O)[C@@H](O)[C@@H](O)[C@H](O)CO,FBPFZTCFMRRESA-GUCUJZIJSA-N,C6H14O6,182.1718,182.07903818
HMDB0000108,Ethanol,CCO,LFQSCWFLJHTTHZ-UHFFFAOYSA-N,C2H6O,46.0684,46.041864814
HMDB0000112,gamma-Aminobutyric acid,NCCCC(O)=O,BTCSSZJGUNDROE-UHFFFAOYSA-N,C4H9NO2,103.1198,103.063328537
HMDB0000115,Glycolic acid,OCC(O)=O,AEMRFAOFKBGASW-UHFFFAOYSA-N,C2H4O3,76.0514,76.016043994
HMDB0000118,Homovanillic acid,COC1=CC(CC(O)=O)=CC=C1O,QRMZSPFSDQBLIX-UHFFFAOYSA-N,C9H10O4,182.1733,182.057908808
HMDB0000122,D-Glucose,OC[C@H]1O[C@@H](O)[C@H](O)[C@@H](O)[C@@H]1O,WQZGKKKJIJFFOK-VFUOTHLCSA-N,C6H12O6,180.1559,180.063388116
HMDB0000123,Glycine,NCC(O)=O,DHMQDGOQFOQNFH-UHFFFAOYSA-N,C2H5NO2,75.0666,75.032028409
HMDB0000124,Fructose 6-phosphate,OCC(=O)[C@@H](O)[C@H](O)[C@H](O)COP(O)(O)=O,GSXOAOHZAIYLCY-HSUXUTPPSA-N,C6H13O9P,260.1358,260.029718526
HMDB0000125,Glutathione,N[C@@H](CCC(=O)N[C@@H](CS)C(=O)NCC(O)=O)C(O)=O,RWSXRVCMGQZWBV-WDSKDSINSA-N,C10H17N3O6S,307.323,307.083805981
HMDB0000126,Glycerol 3-phosphate,OC[C@@H](O)COP(O)(O)=O,AWUCVROLDVIAJX-GSVOUGTGSA-N,C3H9O6P,172.0737,172.013674532
HMDB0000131,Glycerol,OCC(O)CO,PEDCQBHIVMGVHV-UHFFFAOYSA-N,C3H8O3,92.0938,92.047344122
HMDB0000132,Guanine,NC1=NC(=O)C2=C(N1)N=CN2,UYTPUPDQBNUYGX-UHFFFAOYSA-N,C5H5N5O,151.1261,151.049409807
HMDB0000133,Guanosine,NC1=NC2=C(N=CN2[C@@H]2O[C@H](CO)[C@@H](O)[C@H]2O)C(=O)N1,NYHBQMYGNKIUIF-UUOKFMHZSA-N,C10H13N5O5,283.2407,283.091668551
HMDB0000134,Fumaric acid,OC(=O)\C=C\C(O)=O,VZCYOOQTPOCHFL-OWOJBTEDSA-N,C4H4O4,116.0722,116.010958616
HMDB0000139,Glyceric acid,OC[C@@H](O)C(O)=O,RBNPOMFGQQGHHO-UWTATZPHSA-N,C3H6O4,106.0773,106.02660868
HMDB0000142,Formic acid,OC=O,BDAGIHXWWSANSR-UHFFFAOYSA-N,CH2O2,46.0254,46.005479308
HMDB0000143,D-Galactose,OC[C@H]1O[C@H](O)[C@H](O)[C@@H](O)[C@H]1O,WQZGKKKJIJFFOK-PHYPRBDBSA-N,C6H12O6,180.1559,180.063388116
HMDB0000148,Glutamic acid,N[C@@H](CCC(O)=O)C(O)=O,WHUUTDBJXJRKMK-VKHMYHEASA-N,C5H9NO4,147.1293,147.053157781
HMDB0000149,Ethanolamine,NCCO,HZAXFHJVJLSVMW-UHFFFAOYSA-N,C2H7NO,61.0831,61.052763851
HMDB0000151,Estradiol,[H][C@@]12CC[C@H](O)[C@@]1(C)CC[C@]1([H])C3=C(CC[C@@]21[H])C=C(O)C=C3,VOXZDWNPVJITMN-ZBRFXRBCSA-N,C18H24O2,272.382,272.177630012
HMDB0000156,Malic acid,O[C@@H](CC(O)=O)C(O)=O,BJEPYKJPYRNKOW-REOHCLBHSA-N,C4H6O5,134.0874,134.021523302
HMDB0000157,Hypoxanthine,OC1=NC=NC2=C1NC=N2,FDGQSTZJBFJUBT-UHFFFAOYSA-N,C5H4N4O,136.1115,136.03851077
HMDB0000158,L-Tyrosine,N[C@@H](CC1=CC=C(O)C=C1)C(O)=O,OUYCCCASQSFEME-QMMMGPOBSA-N,C9H11NO3,181.1885,181.073893223
HMDB0000159,Phenylalanine,N[C@@H](CC1=CC=CC=C1)C(O)=O,COLNVLDHVKWLRT-QMMMGPOBSA-N,C9H11NO2,165.1891,165.078978601
HMDB0000161,L-Alanine,C[C@H](N)C(O)=O,QNAYBMKLOCPYGJ-REOHCLBHSA-N,C3H7NO2,89.0932,89.047678473
HMDB0000162,Proline,OC(=O)[C@@H]1CCCN1,ONIBWKKTOPOVIA-BYPYZUCNSA-N,C5H9NO2,115.1305,115.063328537
HMDB0000164,Methylamine,CN,BAVYZALUXZFZLV-UHFFFAOYSA-N,CH5N,31.0571,31.042199165
HMDB0000167,L-Threonine,C[C@@H](O)[C@H](N)C(O)=O,AYFVYJQAPQTCCC-GBXIJSLDSA-N,C4H9NO3,119.1192,119.058243159
HMDB0000168,L-Asparagine,N[C@@H](CC(N)=O)C(O)=O,DCXYFEDJOCDNAF-REOHCLBHSA-N,C4H8N2O3,132.1179,132.053492132
HMDB0000169,D-Mannose,OC[C@H]1O[C@H](O)[C@@H](O)[C@@H](O)[C@@H]1O,WQZGKKKJIJFFOK-PQMKYFCFSA-N,C6H12O6,180.1559,180.063388116
HMDB0000172,Isoleucine,CC[C@H](C)[C@H](N)C(O)=O,AGPKZVBTJJNPAG-WHFBIAKZSA-N,C6H13NO2,131.1729,131.094628665
HMDB0000174,L-Fucose,C[C@@H]1O[C@@H](O)[C@@H](O)[C@H](O)[C@@H]1O,SHZGCJCMOBCMKK-SXUWKVJYSA-N,C6H12O5,164.1565,164.068473494
HMDB0000177,Histidine,N[C@@H](CC1=CNC=N1)C(O)=O,HNDVDQJCIGZPNO-YFKPBYRVSA-N,C6H9N3O2,155.1546,155.069476547
HMDB0000182,Lysine,NCCCC[C@H](N)C(O)=O,KDXKERNSBIXSRK-YFKPBYRVSA-N,C6H14N2O2,146.1876,146.105527702
HMDB0000187,Serine,N[C@@H](CO)C(O)=O,MTCFGRXMJLQNBG-REOHCLBHSA-N,C3H7NO3,105.0926,105.042593095
HMDB0000190,Lactic acid,C[C@H](O)C(O)=O,JVTAAEKCZFNVCJ-REOHCLBHSA-N,C3H6O3,90.0779,90.031694058
HMDB0000191,L-Aspartic acid,N[C@@H](CC(O)=O)C(O)=O,CKLJMWTZIZZHCS-REOHCLBHSA-N,C4H7NO4,133.1027,133.037507717
HMDB0000193,Isocitric acid,OC(C(CC(O)=O)C(O)=O)C(O)=O,ODBLHEXUDAPZAU-UHFFFAOYSA-N,C6H8O7,192.1235,192.02700261
HMDB0000194,Anserine,CN1C=NC=C1C[C@H](NC(=O)CCN)C(O)=O,MYYIAHXIVFADCU-QMMMGPOBSA-N,C10H16N4O3,240.259,240.122240398
HMDB0000195,Inosine,OC[C@H]1O[C@H]([C@H](O)[C@@H]1O)N1C=NC2=C(O)N=CN=C12,UGQMRVRMYYASKQ-KQYNXXCUSA-N,C10H12N4O5,268.2261,268.080769514
HMDB0000197,Indoleacetic acid,OC(=O)CC1=CNC2=CC=CC=C12,SEOVTRFCIGRIMH-UHFFFAOYSA-N,C10H9NO2,175.184,175.063328537
HMDB0000201,L-Acetylcarnitine,CC(=O)O[C@H](CC([O-])=O)C[N+](C)(C)C,RDHQFKQIGNGIED-MRVPVSSYSA-N,C9H17NO4,203.238,203.115758031
HMDB0000206,N6-Acetyl-L-lysine,CC(=O)NCCCC[C@H](N)C(O)=O,DTERQYGMUDWYAZ-ZETCQYMHSA-N,C8H16N2O3,188.2242,188.116092388
HMDB0000207,Oleic acid,CCCCCCCC\C=C/CCCCCCCC(O)=O,ZQPPMHVWECSIRJ-KTKRTIGZSA-N,C18H34O2,282.4614,282.255880332
HMDB0000208,Oxoglutaric acid,OC(=O)CCC(=O)C(O)=O,KPGXRSRHYNQIFN-UHFFFAOYSA-N,C5H6O5,146.0981,146.021523302
HMDB0000209,Phenylacetic acid,OC(=O)CC1=CC=CC=C1,WLJVXDMOQOGPHL-UHFFFAOYSA-N,C8H8O2,136.1479,136.0524295
HMDB0000210,Pantothenic acid,CC(C)(CO)[C@@H](O)C(=O)NCCC(O)=O,GHOKWGTUZJEAQD-ZETCQYMHSA-N,C9H17NO5,219.235,219.110672659
HMDB0000211,myo-Inositol,O[C@H]1[C@H](O)[C@@H](O)[C@H](O)[C@H](O)[C@@H]1O,CDAISMWEOUEBRE-GPIVLXJGSA-N,C6H12O6,180.1559,180.063388116
HMDB0000212,N-Acetylgalactosamine,CC(=O)N[C@H]1[C@@H](O)O[C@H](CO)[C@H](O)[C@@H]1O,OVRNDRQMDRJTHS-CBQIKETKSA-N,C8H15NO6,221.2078,221.089937217
HMDB0000213,myo-Inositol 1-phosphate,O[C@H]1[C@H](O)[C@@H](O)[C@H](OP(O)(O)=O)[C@H](O)[C@@H]1O,INAPMGSXUVUWAF-UOTPTPDRSA-N,C6H13O9P,260.135,260.029718997
HMDB0000214,Ornithine,NCCC[C@H](N)C(O)=O,AHLPHDHHMVZTML-BYPYZUCNSA-N,C5H12N2O2,132.161,132.089877638
HMDB0000215,N-Acetyl-D-glucosamine,CC(=O)N[C@H]1C(O)O[C@H](CO)[C@@H](O)[C@@H]1O,OVRNDRQMDRJTHS-RTRLPJTCSA-N,C8H15NO6,221.2078,221.089937217
HMDB0000220,Palmitic acid,CCCCCCCCCCCCCCCC(O)=O,IPCSVZSSVZVIGE-UHFFFAOYSA-N,C16H32O2,256.4241,256.240230268
HMDB0000222,Palmitoylcarnitine,CCCCCCCCCCCCCCCC(=O)O[C@H](CC(O)=O)C[N+](C)(C)C,XOMRRQXKHMYMOC-OAQYLSRUSA-O,C23H46NO4,400.623,400.342135385
HMDB0000224,O-Phosphoethanolamine,NCCOP(O)(O)=O,SUHOOTKUPISOBE-UHFFFAOYSA-N,C2H8NO4P,141.063,141.019094261
HMDB0000226,Orotic acid,OC(=O)C1=CC(=O)NC(=O)N1,PXQPEWDEAKTCGB-UHFFFAOYSA-N,C5H4N2O4,156.0963,156.017106626
HMDB0000227,Mevalonic acid,C[C@@](O)(CCO)CC(O)=O,KJTLQQUUPVSXIM-ZCFIWIBFSA-N,C6H12O4,148.1571,148.073558872
HMDB0000228,Phenol,OC1=CC=CC=C1,ISWSIDIOOBJBQZ-UHFFFAOYSA-N,C6H6O,94.1112,94.041864814
HMDB0000230,N-Acetylneuraminic acid,[H][C@]1(O[C@@](O)(C[C@H](O)[C@H]1NC(C)=O)C(O)=O)[C@H](O)[C@H](O)CO,SQVRNKJHWKZAKO-PFQGKNLYSA-N,C11H19NO9,309.2699,309.105981211
HMDB0000234,Testosterone,[H][C@@]12CC[C@H](O)[C@@]1(C)CC[C@@]1([H])[C@@]2([H])CCC2=CC(=O)CC[C@]12C,MUMGGOZAMZWBJJ-DYKIIFRCSA-N,C19H28O2,288.4244,288.20893014
HMDB0000235,Thiamine,CC1=C(CCO)SC=[N+]1CC1=CN=C(C)N=C1N,JZRWCGZRTZMZEH-UHFFFAOYSA-N,C12H17N4OS,265.355,265.112306876
HMDB0000237,Propionic acid,CCC(O)=O,XBDQKXXYIPTUBI-UHFFFAOYSA-N,C3H6O2,74.0785,74.036779436
HMDB0000243,Pyruvic acid,CC(=O)C(O)=O,LCTONWCANYUPML-UHFFFAOYSA-N,C3H4O3,88.0621,88.016043994
HMDB0000244,Riboflavin,CC1=C(C)C=C2N(C[C@H](O)[C@H](O)[C@H](O)CO)C3=NC(=O)NC(=O)C3=NC2=C1,AUNGANRZJHBGPY-SCRDCRAPSA-N,C17H20N4O6,376.3639,376.138284392
HMDB0000247,Sorbitol,OC[C@H](O)[C@@H](O)[C@H](O)[C@H](O)CO,FBPFZTCFMRRESA-JGWLITMVSA-N,C6H14O6,182.1718,182.07903818
HMDB0000248,Thyroxine,N[C@@H](CC1=CC(I)=C(OC2=CC(I)=C(O)C(I)=C2)C(I)=C1)C(O)=O,XUIIKFGFIJCVMT-LBPRGKRZSA-N,C15H11I4NO4,776.87,776.686681525
HMDB0000250,Pyrophosphate,OP(O)(=O)OP(O)(O)=O,XPPKVPWEQAFLFU-UHFFFAOYSA-N,H4O7P2,177.9751,177.943225506
HMDB0000251,Taurine,NCCS(O)(=O)=O,XOAAWQZATWQOTB-UHFFFAOYSA-N,C2H7NO3S,125.147,125.014663785
HMDB0000254,Succinic acid,OC(=O)CCC(O)=O,KDYFGRWQOYBRFD-UHFFFAOYSA-N,C4H6O4,118.088,118.02660868
HMDB0000258,Sucrose,OC[C@H]1O[C@@](CO)(O[C@H]2O[C@H](CO)[C@@H](O)[C@H](O)[C@H]2O)[C@@H](O)[C@@H]1O,CZMRCDWAGMRECN-UGDNZRGBSA-N,C12H22O11,342.2965,342.116211546
HMDB0000262,Thymine,CC1=CNC(=O)NC1=O,RWQNBRDOKXIBIV-UHFFFAOYSA-N,C5H6N2O2,126.1133,126.042927446
HMDB0000263,Phosphoenolpyruvic acid,OC(=O)C(=C)OP(O)(O)=O,DTBNBXWJWCWCIK-UHFFFAOYSA-N,C3H5O6P,168.042,167.982374404
HMDB0000265,Liothyronine,N[C@@H](CC1=CC(I)=C(OC2=CC(I)=C(O)C=C2)C(I)=C1)C(O)=O,AUYYCJSJGJYCDS-LBPRGKRZSA-N,C15H12I3NO4,650.9735,650.790038137
HMDB0000267,Pyroglutamic acid,OC(=O)[C@@H]1CCC(=O)N1,ODHCTXKNWHHXJC-VKHMYHEASA-N,C5H7NO3,129.114,129.042593095
HMDB0000271,Sarcosine,CNCC(O)=O,FSYKKLYZXJSNPZ-UHFFFAOYSA-N,C3H7NO2,89.0932,89.047678473
HMDB0000273,Thymidine,CC1=CN([C@H]2C[C@H](O)[C@@H](CO)O2)C(=O)NC1=O,IQFYYKKMVGJFEH-XLPZGREQSA-N,C10H14N2O5,242.2286,242.090271568
HMDB0000283,D-Ribose,OC[C@H]1OC(O)[C@H](O)[C@@H]1O,HMFHBZSHGGEWLO-SOOFDHNKSA-N,C5H10O5,150.1299,150.05282343
HMDB0000285,Uridine triphosphate,O[C@H]1[C@@H](O)[C@@H](O[C@@H]1COP(O)(=O)OP(O)(=O)OP(O)(O)=O)N1C=CC(=O)NC1=O,PGAVKCOVUIYSFO-XVFCMESISA-N,C9H15N2O15P3,484.1411,483.968527356
HMDB0000288,Uridine 5'-monophosphate,O[C@H]1[C@@H](O)[C@@H](O[C@@H]1COP(O)(O)=O)N1C=CC(=O)NC1=O,DJJCXFVJDGTHFX-XVFCMESISA-N,C9H13N2O9P,324.1813,324.035866536
HMDB0000289,Uric acid,O=C1NC2=C(N1)C(=O)NC(=O)N2,LEHOTFFKMJEONL-UHFFFAOYSA-N,C5H4N4O3,168.1103,168.028340014
HMDB0000290,Uridine diphosphate-N-acetylglucosamine,CC(=O)N[C@@H]1[C@@H](O)[C@H](O)[C@@H](CO)O[C@@H]1OP(O)(=O)OP(O)(=O)OC[C@H]1O[C@H]([C@H](O)[C@@H]1O)N1C=CC(=O)NC1=O,LFTYTUAZOPRMMI-CFRASDGPSA-N,C17H27N3O17P2,607.3537,607.081569477
HMDB0000291,Vanillylmandelic acid,COC1=C(O)C=CC(=C1)[C@H](O)C(O)=O,CGQCWMIAEPEHNQ-QMMMGPOBSA-N,C9H10O5,198.1727,198.05282343
HMDB0000292,Xanthine,O=C1NC2=C(NC=N2)C(=O)N1,LRFVTYWOQMYALW-UHFFFAOYSA-N,C5H4N4O2,152.1109,152.033425392
HMDB0000294,Urea,NC(N)=O,XSQUKJJJFZCRTK-UHFFFAOYSA-N,CH4N2O,60.0553,60.03236276
HMDB0000300,Uracil,O=C1NC=CC(=O)N1,ISAKRJDGNUQOIC-UHFFFAOYSA-N,C4H4N2O2,112.0868,112.027277382
HMDB0000301,Urocanic acid,OC(=O)\C=C\C1=CNC=N1,LOIYMIARKYCTBW-OWOJBTEDSA-N,C6H6N2O2,138.124,138.042927446
HMDB0000305,Vitamin A,C\C(=C/CO)\C=C\C=C(/C)\C=C\C1=C(C)CCCC1(C)C,FPIPGXGPPPQFEQ-OVSJKPMPSA-N,C20H30O,286.4516,286.229665582
HMDB0000306,Tyramine,NCCC1=CC=C(O)C=C1,DZGWFCGJZKJUFP-UHFFFAOYSA-N,C8H11NO,137.179,137.084063979
HMDB0000308,3b-Hydroxy-5-cholenoic acid,[H][C@@]12CC[C@H]([C@H](C)CCC(O)=O)[C@@]1(C)CC[C@@]1([H])[C@@]2([H])CC=C2C[C@@H](O)CC[C@]12C,HIAJCGFYHIANNA-QIZZZRFXSA-N,C24H38O3,374.5567,374.282095082
HMDB0000317,2-Hydroxy-3-methylpentanoic acid,CC[C@@H](C)[C@@H](O)C(O)=O,RILPIWOPNGRASR-RFZPGFLSSA-N,C6H12O3,132.1577,132.07864425
HMDB0000355,3-Hydroxymethylglutaric acid,CC(O)(CC(O)=O)CC(O)=O,NPOAOTPXWNWTSH-UHFFFAOYSA-N,C6H10O5,162.1406,162.05282343
HMDB0000374,17-Hydroxyprogesterone,[H][C@@]12CC[C@](O)(C(C)=O)[C@@]1(C)CC[C@@]1([H])[C@@]2([H])CCC2=CC(=O)CC[C@]12C,DBPWSSGDRRHUNT-CEGNMAFCSA-N,C21H30O3,330.4611,330.219494826
HMDB0000402,2-Isopropylmalic acid,CC(C)[C@@](O)(CC(O)=O)C(O)=O,BITYXLXUCSKTJS-ZETCQYMHSA-N,C7H12O5,176.1672,176.068473494
HMDB0000407,2-Hydroxy-3-methylbutyric acid,CC(C)C(O)C(O)=O,NGEWQZIDQIYUNV-UHFFFAOYSA-N,C5H10O3,118.1311,118.062994186
HMDB0000426,Citramalic acid,CC(O)(CC(O)=O)C(O)=O,XFTRTWQBIOMVPK-UHFFFAOYSA-N,C5H8O5,148.114,148.037173366
HMDB0000440,3-Hydroxyphenylacetic acid,OC(=O)CC1=CC(O)=CC=C1,FVMDYYGIDFPZAX-UHFFFAOYSA-N,C8H8O3,152.1473,152.047344122
HMDB0000448,Adipic acid,OC(=O)CCCCC(O)=O,WNLRTRBMVRJNCN-UHFFFAOYSA-N,C6H10O4,146.1412,146.057908808
HMDB0000462,Allantoin,NC(=O)NC1NC(=O)NC1=O,POJWUDADGALRAB-UHFFFAOYSA-N,C4H6N4O3,158.1154,158.043990078
HMDB0000464,Calcium,[Ca++],BHPQYMZQTOCNFJ-UHFFFAOYSA-N,Ca,40.078,39.962591155
HMDB0000466,3-Methylindole,CC1=CNC2=CC=CC=C12,ZFRKQXVRDFCRJG-UHFFFAOYSA-N,C9H9N,131.1745,131.073499293
HMDB0000474,Butanone,CCC(C)=O,ZWEHNKRNPOVVGH-UHFFFAOYSA-N,C4H8O,72.1057,72.057514878
HMDB0000479,Methylhistidine,[H][C@](N)(CC1=CN=CN1C)C(O)=O,JDHILDINMRGULE-LURJTMIESA-N,C7H11N3O2,169.1811,169.085126611
HMDB0000482,Caprylic acid,CCCCCCCC(O)=O,WWZKQHOCKIZLMA-UHFFFAOYSA-N,C8H16O2,144.2114,144.115029756
HMDB0000484,Vanillic acid,COC1=CC(=CC=C1O)C(O)=O,WKOLLVMJNQIZCI-UHFFFAOYSA-N,C8H8O4,168.148,168.042258738
HMDB0000491,3-Methyl-2-oxovaleric acid,CC[C@H](C)C(=O)C(O)=O,JVQYSWDUAOAHFM-BYPYZUCNSA-N,C6H10O3,130.1418,130.062994186
HMDB0000492,Chloride ion,[Cl-],VEXZGXHMUGYJMC-UHFFFAOYSA-M,Cl,35.453,34.968852707
HMDB0000500,4-Hydroxybenzoic acid,OC(=O)C1=CC=C(O)C=C1,FJKROLUGYXJWQN-UHFFFAOYSA-N,C7H6O3,138.122,138.031694053
HMDB0000510,Aminoadipic acid,N[C@@H](CCCC(O)=O)C(O)=O,OYIFNHCXNCRBQI-BYPYZUCNSA-N,C6H11NO4,161.1558,161.068807845
HMDB0000511,Capric acid,CCCCCCCCCC(O)=O,GHVNFZFCNZKVNT-UHFFFAOYSA-N,C10H20O2,172.2646,172.146329884
HMDB0000512,N-Acetyl-L-phenylalanine,CC(=O)N[C@@H](CC1=CC=CC=C1)C(O)=O,CBQJSKKFNMDLON-JTQLQIEISA-N,C11H13NO3,207.2258,207.089543287
HMDB0000517,L-Arginine,N[C@@H](CCCNC(N)=N)C(O)=O,ODKSFYDXXFIFQN-BYPYZUCNSA-N,C6H14N4O2,174.201,174.111675712
HMDB0000532,Acetylglycine,CC(=O)NCC(O)=O,OKJIRPAQVSHGFK-UHFFFAOYSA-N,C4H7NO3,117.1033,117.042593095
HMDB0000535,Caproic acid,CCCCCC(O)=O,FUZZWVXGSFPDMH-UHFFFAOYSA-N,C6H12O2,116.1583,116.083729628
HMDB0000538,Adenosine triphosphate,NC1=NC=NC2=C1N=CN2[C@@H]1O[C@H](COP(O)(=O)OP(O)(=O)OP(O)(O)=O)[C@@H](O)[C@H]1O,ZKHQWZAMYRWXGA-KQYNXXCUSA-N,C10H16N5O13P3,507.181,506.995745159
HMDB0000539,Arabinonic acid,OC[C@@H](O)[C@@H](O)[C@H](O)C(O)=O,QXKAIJAYHKCRRA-JJYYJPOSSA-N,C5H10O6,166.1293,166.047738052
HMDB0000547,Magnesium,[Mg++],JLVVSXFLKOJNIY-UHFFFAOYSA-N,Mg,24.305,23.985041898
HMDB0000552,3-Methylglutarylcarnitine,C[C@H](CC(O)=O)CC(=O)O[C@H](CC([O-])=O)C[N+](C)(C)C,HFCPFJNSBPQJDP-NXEZZACHSA-N,C13H23NO6,289.328,289.152537465
HMDB0000562,Creatinine,CN1CC(=O)NC1=N,DDRJAANPRJIHGJ-UHFFFAOYSA-N,C4H7N3O,113.1179,113.058911861
HMDB0000564,PC(32:0),[H][C@@](COC(=O)CCCCCCCCCCCCCCC)(COP([O-])(=O)OCC[N+](C)(C)C)OC(=O)CCCCCCCCCCCCCCC,KILNVBDSWZSGLL-KXQOOQHDSA-N,C40H80NO8P,734.0389,733.562155053
HMDB0000574,L-Cysteine,N[C@@H](CS)C(O)=O,XUJNEKJLAYXESH-REOHCLBHSA-N,C3H7NO2S,121.158,121.019749163
HMDB0000586,Potassium,[K+],NPYPAHLBTDXSSS-UHFFFAOYSA-N,K,39.0983,38.963706861
HMDB0000588,Sodium,[Na+],FKNQFGJONOIPTF-UHFFFAOYSA-N,Na,22.9898,22.989769675
HMDB0000593,PC(36:2),CCCCCCCC\C=C/CCCCCCCC(=O)OC[C@H](COP([O-])(=O)OCC[N+](C)(C)C)OC(=O)CCCCCCC\C=C/CCCCCCCC,SNKAWJBJQDLSFF-NVKMUCNASA-N,C44H84NO8P,786.1134,785.593455181
HMDB0000595,Hydrogen carbonate,OC(O)=O,BVKZGUZCCUSVTD-UHFFFAOYSA-N,CH2O3,62.0248,62.00039393
HMDB0000599,Chromium,[Cr+3],BFGKITSFLPAWGI-UHFFFAOYSA-N,Cr,51.9961,51.940511904
HMDB0000606,D-2-Hydroxyglutaric acid,O[C@H](CCC(O)=O)C(O)=O,HWXBTNAVRSUOJR-GSVOUGTGSA-N,C5H8O5,148.114,148.037173366
HMDB0000608,Cobalt,[Co++],XLJKHNWPARRRJB-UHFFFAOYSA-N,Co,58.9332,58.933200194
HMDB0000613,Erythronic acid,OC[C@@H](O)[C@@H](O)C(O)=O,JPIJQSOTBSSVTP-PWNYCUMCSA-N,C4H8O5,136.1033,136.037173366
HMDB0000618,D-Ribulose 5-phosphate,OCC(=O)[C@H](O)[C@H](O)COP(O)(O)=O,FNZLKVNUWIIPSJ-UHNVWZDZSA-N,C5H11O8P,230.1098,230.01915384
HMDB0000625,Gluconic acid,OC[C@@H](O)[C@@H](O)[C@H](O)[C@@H](O)C(O)=O,RGHNJXZEOKUKBD-SQOUGZDYSA-N,C6H12O7,196.1553,196.058302738
HMDB0000638,Dodecanoic acid,CCCCCCCCCCCC(O)=O,POULHZVOKOAJMA-UHFFFAOYSA-N,C12H24O2,200.3178,200.177630012
HMDB0000639,Galactaric acid,O[C@@H]([C@@H](O)[C@H](O)C(O)=O)[C@@H](O)C(O)=O,DSLZVSRJTYRBFB-DUHBMQHGSA-N,C6H10O8,210.1388,210.037567296
HMDB0000641,Glutamine,N[C@@H](CCC(N)=O)C(O)=O,ZDXPYRJPNDTMRX-VKHMYHEASA-N,C5H10N2O3,146.1445,146.069142196
HMDB0000650,D-alpha-Aminobutyric acid,CC[C@@H](N)C(O)=O,QWCKQJZIFLGMSD-GSVOUGTGSA-N,C4H9NO2,103.1198,103.063328537
HMDB0000656,Cysteineglutathione disulfide,N[C@@H](CCC(=O)N[C@@H](CSSCC(N)C(O)=O)C(=O)NCC(O)=O)C(O)=O,BNRXZEPOHPEEAS-PPSBICQBSA-N,C13H22N4O8S2,426.466,426.08790508
HMDB0000657,Copper,[Cu++],JPVYNHNXODAKFH-UHFFFAOYSA-N,Cu,63.546,62.929601079
HMDB0000660,D-Fructose,OC[C@H]1O[C@](O)(CO)[C@@H](O)[C@@H]1O,RFSUNEUAIZKAJO-ARQDHWQXSA-N,C6H12O6,180.1559,180.063388116
HMDB0000661,Glutaric acid,OC(=O)CCCC(O)=O,JFCQEDHGNNZCLN-UHFFFAOYSA-N,C5H8O4,132.1146,132.042258744
HMDB0000662,Fluoride,[F-],KRHYYFGTRYWZRS-UHFFFAOYSA-M,F,18.9984,18.998403205
HMDB0000666,Heptanoic acid,CCCCCCC(O)=O,MNWFXJYAOYHMED-UHFFFAOYSA-N,C7H14O2,130.1849,130.099379692
HMDB0000673,Linoleic acid,CCCCC\C=C/C\C=C/CCCCCCCC(O)=O,OYHQOLUKZRVURQ-HZJYTTRNSA-N,C18H32O2,280.4455,280.240230268
HMDB0000687,Leucine,CC(C)C[C@H](N)C(O)=O,ROHFNLRQFUQHCH-YFKPBYRVSA-N,C6H13NO2,131.1729,131.094628665
HMDB0000688,Isovalerylcarnitine,CC(C)CC(=O)OC(CC([O-])=O)C[N+](C)(C)C,IGQBPDJNUXPEMT-UHFFFAOYSA-N,C12H23NO4,245.3153,245.162708229
HMDB0000689,Isocaproic acid,CC(C)CCC(O)=O,FGKJLKRYENPLQH-UHFFFAOYSA-N,C6H12O2,116.1583,116.083729628
HMDB0000691,Malonic acid,OC(=O)CC(O)=O,OFOBLEOULBTSOW-UHFFFAOYSA-N,C3H4O4,104.0615,104.010958616
HMDB0000692,Fe2+,[Fe++],CWYNVVGOOAEACU-UHFFFAOYSA-N,Fe,55.845,55.934942133
HMDB0000694,L-2-Hydroxyglutaric acid,O[C@@H](CCC(O)=O)C(O)=O,HWXBTNAVRSUOJR-VKHMYHEASA-N,C5H8O5,148.114,148.037173366
HMDB0000695,Ketoleucine,CC(C)CC(=O)C(O)=O,BKAJNAXTPSGJCU-UHFFFAOYSA-N,C6H10O3,130.1418,130.062994186
HMDB0000696,Methionine,CSCC[C@H](N)C(O)=O,FFEARJCKVFRZRR-BYPYZUCNSA-N,C5H11NO2S,149.211,149.051049291
HMDB0000707,4-Hydroxyphenylpyruvic acid,OC(=O)C(=O)CC1=CC=C(O)C=C1,KKADPXVIOXHVKN-UHFFFAOYSA-N,C9H8O4,180.1574,180.042258744
HMDB0000710,4-Hydroxybutyric acid,OCCCC(O)=O,SJZRECIVHVDYJC-UHFFFAOYSA-N,C4H8O3,104.1045,104.047344122
HMDB0000711,Hydroxyoctanoic acid,CCCCCCC(O)C(O)=O,JKRDADVRIYVCCY-UHFFFAOYSA-N,C8H16O3,160.2108,160.109944378
HMDB0000714,Hippuric acid,OC(=O)CNC(=O)C1=CC=CC=C1,QIAFMBKCNZACKA-UHFFFAOYSA-N,C9H9NO3,179.1727,179.058243159
HMDB0000718,Isovaleric acid,CC(C)CC(O)=O,GWYFCOCPABKNJV-UHFFFAOYSA-N,C5H10O2,102.1317,102.068079564
HMDB0000720,Levulinic acid,CC(=O)CCC(O)=O,JOOXCMJARBKPKM-UHFFFAOYSA-N,C5H8O3,116.1152,116.047344122
HMDB0000721,Glycylproline,NCC(=O)N1CCC[C@H]1C(O)=O,KZNQNBZMBZJQJO-YFKPBYRVSA-N,C7H12N2O3,172.1818,172.08479226
HMDB0000725,4-Hydroxyproline,O[C@H]1CN[C@@H](C1)C(O)=O,PMMYEEVYMWASQN-DMTCNVIQSA-N,C5H9NO3,131.1299,131.058243159
HMDB0000729,alpha-Hydroxyisobutyric acid,CC(C)(O)C(O)=O,BWLBGMIXKSTLSX-UHFFFAOYSA-N,C4H8O3,104.1045,104.047344122
HMDB0000738,Indole,N1C=CC2=C1C=CC=C2,SIKJAQJRHWYJAI-UHFFFAOYSA-N,C8H7N,117.1479,117.057849229
HMDB0000742,Homocysteine,N[C@@H](CCS)C(O)=O,FFFHZYDWPBMWHY-VKHMYHEASA-N,C4H9NO2S,135.185,135.035399227
HMDB0000746,Hydroxyisocaproic acid,CC(C)C[C@H](O)C(O)=O,LVRFTAZAXQPQHI-YFKPBYRVSA-N,C6H12O3,132.1577,132.07864425
HMDB0000748,L-3-Phenyllactic acid,O[C@H](CC1=CC=CC=C1)C(O)=O,VOXXWSYKYCBWHO-MRVPVSSYSA-N,C9H10O3,166.1739,166.062994186
HMDB0000754,3-Hydroxyisovaleric acid,CC(C)(O)CC(O)=O,AXFYFNCPONWUHW-UHFFFAOYSA-N,C5H10O3,118.1311,118.062994186
HMDB0000755,Hydroxyphenyllactic acid,OC(CC1=CC=C(O)C=C1)C(O)=O,JVGVDSSUAVXRDY-UHFFFAOYSA-N,C9H10O4,182.1733,182.057908808
HMDB0000759,Glycylleucine,CC(C)C[C@H](NC(=O)CN)C(O)=O,DKEXFJVMVGETOO-LURJTMIESA-N,C8H16N2O3,188.2242,188.116092388
HMDB0000764,Hydrocinnamic acid,OC(=O)CCC1=CC=CC=C1,XMIIGOLPHOKFCH-UHFFFAOYSA-N,C9H10O2,150.1745,150.068079564
HMDB0000765,Mannitol,OC[C@@H](O)[C@@H](O)[C@H](O)[C@H](O)CO,FBPFZTCFMRRESA-KVTDHHQDSA-N,C6H14O6,182.1718,182.07903818
HMDB0000779,Phenyllactic acid,OC(CC1=CC=CC=C1)C(O)=O,VOXXWSYKYCBWHO-UHFFFAOYSA-N,C9H10O3,166.1739,166.062994186
HMDB0000784,Azelaic acid,OC(=O)CCCCCCCC(O)=O,BDJRBEYXGGNYIS-UHFFFAOYSA-N,C9H16O4,188.2209,188.104859
HMDB0000803,beta-N-Acetylglucosamine,CC(=O)N[C@H]1[C@H](O)O[C@H](CO)[C@@H](O)[C@@H]1O,OVRNDRQMDRJTHS-FMDGEEDCSA-N,C8H15NO6,221.2078,221.089937217
HMDB0000806,Myristic acid,CCCCCCCCCCCCCC(O)=O,TUNFSRHWOTWDNC-UHFFFAOYSA-N,C14H28O2,228.3709,228.20893014
HMDB0000807,3-Phosphoglyceric acid,OC(COP(O)(O)=O)C(O)=O,OSJPPGNTCRNQQC-UHFFFAOYSA-N,C3H7O7P,186.0572,185.99293909
HMDB0000812,N-Acetyl-L-aspartic acid,CC(=O)N[C@@H](CC(O)=O)C(O)=O,OTCCIMWXFLJLIA-BYPYZUCNSA-N,C6H9NO5,175.1394,175.048072403
HMDB0000820,Propyl alcohol,CCCO,BDERNNFJNOPAEC-UHFFFAOYSA-N,C3H8O,60.095,60.057514878
HMDB0000821,Phenylacetylglycine,OC(=O)CNC(=O)CC1=CC=CC=C1,UTYVDVLMYQPLQB-UHFFFAOYSA-N,C10H11NO3,193.1992,193.073893223
HMDB0000824,Propionylcarnitine,CCC(=O)O[C@H](CC([O-])=O)C[N+](C)(C)C,UFAHZIUFPNSHSL-MRVPVSSYSA-N,C10H19NO4,217.265,217.131408096
HMDB0000826,Pentadecanoic acid,CCCCCCCCCCCCCCC(O)=O,WQEPLUUGTLDZJY-UHFFFAOYSA-N,C15H30O2,242.3975,242.224580204
HMDB0000827,Stearic acid,CCCCCCCCCCCCCCCCCC(O)=O,QIQXTHQIDYTFRH-UHFFFAOYSA-N,C18H36O2,284.4772,284.271530396
HMDB0000828,Ureidosuccinic acid,NC(=O)N[C@@H](CC(O)=O)C(O)=O,HLKXYZVTANABHZ-REOHCLBHSA-N,C5H8N2O5,176.1274,176.043321376
HMDB0000847,Pelargonic acid,CCCCCCCCC(O)=O,FBUKVWPVBMHYJY-UHFFFAOYSA-N,C9H18O2,158.238,158.13067982
HMDB0000863,Isopropyl alcohol,CC(C)O,KFZMGEQAYNKOFK-UHFFFAOYSA-N,C3H8O,60.095,60.057514878
HMDB0000870,Histamine,NCCC1=CNC=N1,NTYJJOPFIAHURM-UHFFFAOYSA-N,C5H9N3,111.1451,111.079647303
HMDB0000876,Vitamin D3,[H][C@@]1(CC[C@@]2([H])\C(CCC[C@]12C)=C\C=C1\C[C@@H](O)CCC1=C)[C@H](C)CCCC(C)C,QYSXJUFSXHHAJI-YRZJJWOYSA-N,C27H44O,384.6377,384.33921603
HMDB0000883,L-Valine,CC(C)[C@H](N)C(O)=O,KZSNJWFQEVHDMF-BYPYZUCNSA-N,C5H11NO2,117.1463,117.078978601
HMDB0000888,Undecanedioic acid,OC(=O)CCCCCCCCCC(O)=O,LWBHHRRTOZQPDM-UHFFFAOYSA-N,C11H20O4,216.2741,216.136159128
HMDB0000892,Valeric acid,CCCCC(O)=O,NQPDZGIKBAWPEJ-UHFFFAOYSA-N,C5H10O2,102.1317,102.068079564
HMDB0000895,Acetylcholine,CC(=O)OCC[N+](C)(C)C,OIPILFWXSMYKGL-UHFFFAOYSA-N,C7H16NO2,146.2074,146.118103761
HMDB0000898,1-Methylhistamine,CN1C=NC(CCN)=C1,FHQDWPCFSJMNCT-UHFFFAOYSA-N,C6H11N3,125.1716,125.095297367
HMDB0000900,Ergocalciferol,[H][C@@]1(CC[C@@]2([H])\C(CCC[C@]12C)=C\C=C1\C[C@@H](O)CCC1=C)[C@H](C)\C=C\[C@H](C)C(C)C,MECHNRXZTMCUDQ-RKHKHRCZSA-N,C28H44O,396.6484,396.33921603
HMDB0000904,Citrulline,N[C@@H](CCCNC(N)=O)C(O)=O,RHGKLRLOHDJJDR-BYPYZUCNSA-N,C6H13N3O3,175.1857,175.095691297
HMDB0000906,Trimethylamine,CN(C)C,GETQZCLCWQTVFV-UHFFFAOYSA-N,C3H9N,59.1103,59.073499293
HMDB0000910,Tridecanoic acid,CCCCCCCCCCCCC(O)=O,SZHOJFHSIKHZHA-UHFFFAOYSA-N,C13H26O2,214.3443,214.193280076
HMDB0000925,Trimethylamine N-oxide,C[N+](C)(C)[O-],UYPYRKYUKCHHIB-UHFFFAOYSA-N,C3H9NO,75.1097,75.068413915
HMDB0000929,L-Tryptophan,N[C@@H](CC1=CNC2=C1C=CC=C2)C(O)=O,QIVBCDIJIAJPQS-VIFPVBQESA-N,C11H12N2O2,204.2252,204.089877638
HMDB0000930,trans-Cinnamic acid,OC(=O)\C=C\C1=CC=CC=C1,WBYWAXJHAXSJNI-VOTSOKGWSA-N,C9H8O2,148.1586,148.0524295
HMDB0000943,Threonic acid,OC[C@H](O)[C@@H](O)C(O)=O,JPIJQSOTBSSVTP-STHAYSLISA-N,C4H8O5,136.1033,136.037173366
HMDB0000957,Pyrocatechol,OC1=C(O)C=CC=C1,YCIMNLLNPGFGHC-UHFFFAOYSA-N,C6H6O2,110.1106,110.036779436
HMDB0000962,Lipoamide,NC(=O)CCCCC1CCSS1,FCCDDURTIIUXBY-UHFFFAOYSA-N,C8H15NOS2,205.341,205.059505487
HMDB0000965,Hypotaurine,NCCS(O)=O,VVIUBCNYACGLLV-UHFFFAOYSA-N,C2H7NO2S,109.147,109.019749163
HMDB0000990,Acetaldehyde,CC=O,IKHGUXGNUITLKF-UHFFFAOYSA-N,C2H4O,44.0526,44.02621475
HMDB0000996,3-Sulfinoalanine,N[C@@H](CS(O)=O)C(O)=O,ADVPTQAUNPRNPO-REOHCLBHSA-N,C3H7NO4S,153.157,153.009578407
HMDB0001043,Arachidonic acid,CCCCC\C=C/C\C=C/C\C=C/C\C=C/CCCC(O)=O,YZXBAPSDXZZRGB-DOFZRALJSA-N,C20H32O2,304.4669,304.240230268
HMDB0001046,Cotinine,CN1C(CCC1=O)C1=CN=CC=C1,UIKROCXWUNQSPJ-UHFFFAOYSA-N,C10H12N2O,176.2151,176.094963016
HMDB0001062,N-Acetyl-D-Glucosamine 6-Phosphate,CC(=O)N[C@H]1C(O)O[C@H](COP(O)(O)=O)[C@@H](O)[C@@H]1O,BRGMHAYQAZFZDJ-RTRLPJTCSA-N,C8H16NO9P,301.1877,301.056267627
HMDB0001068,D-Sedoheptulose 7-phosphate,OC[C@]1(O)O[C@H](COP(O)(O)=O)[C@@H](O)[C@@H](O)[C@@H]1O,CBIDVWSRUUODHL-OVHBTUCOSA-N,C7H15O10P,290.161,290.040283681
HMDB0001096,Carbamoyl phosphate,NC(=O)OP(O)(O)=O,FFQKYPRQEYGKAF-UHFFFAOYSA-N,CH4NO5P,141.0199,140.982708755
HMDB0001122,N-Methylformamide,CNC=O,ATHHXGZTWNVVOU-UHFFFAOYSA-N,C2H5NO,59.0672,59.037113787
HMDB0001138,N-Acetyl-L-glutamic acid,CC(=O)N[C@@H](CCC(O)=O)C(O)=O,RFMMMVDNIPUKGG-YFKPBYRVSA-N,C7H11NO5,189.1659,189.063722467
HMDB0001140,Octanal,CCCCCCCC=O,NUJGJRNETVAIRJ-UHFFFAOYSA-N,C8H16O,128.212,128.120115134
HMDB0001161,4-Trimethylammoniobutanoic acid,C[N+](C)(C)CCCC([O-])=O,JHPNVNIEXXLNTR-UHFFFAOYSA-N,C7H15NO2,145.1995,145.110278729
HMDB0001184,Methyl propenyl ketone,C\C=C\C(C)=O,LABTWGUMFABVFG-ONEGZZNKSA-N,C5H8O,84.1164,84.057514878
HMDB0001190,Indoleacetaldehyde,O=CCC1=CNC2=C1C=CC=C2,WHOOUMGHGSPMGR-UHFFFAOYSA-N,C10H9NO,159.1846,159.068413915
HMDB0001202,dCMP,NC1=NC(=O)N(C=C1)[C@H]1C[C@H](O)[C@@H](COP(O)(O)=O)O1,NCMVOABPESMRCP-SHYZEUOFSA-N,C9H14N3O7P,307.1971,307.056936329
HMDB0001218,Coumarin,O=C1OC2=CC=CC=C2C=C1,ZYGHJZDHTFUPRJ-UHFFFAOYSA-N,C9H6O2,146.145,146.036779433
HMDB0001247,Aluminum,[Al],XAGFODPZIPBFFR-UHFFFAOYSA-N,Al,26.9815,26.981538441
HMDB0001256,Spermine,NCCCNCCCCNCCCN,PFNFFQXMRSDOHW-UHFFFAOYSA-N,C10H26N4,202.3402,202.215746852
HMDB0001257,Spermidine,NCCCCNCCCN,ATHGHQPFGPMSJY-UHFFFAOYSA-N,C7H19N3,145.2459,145.157897623
HMDB0001302,Molybdenum,[Mo++],MMVYPOCJESWGTC-UHFFFAOYSA-N,Mo,95.94,97.905407846
HMDB0001315,Phosphorus,[P],OAICVXFJPJFONN-UHFFFAOYSA-N,P,30.9738,30.973761512
HMDB0001316,6-Phosphogluconic acid,O[C@H](COP(O)(O)=O)[C@@H](O)[C@H](O)[C@@H](O)C(O)=O,BIRSGZKFKXLSJQ-SQOUGZDYSA-N,C6H13O10P,276.1352,276.024633148
HMDB0001327,Rubidium,[Rb+],NCCSSGKUIKYAJD-UHFFFAOYSA-N,Rb,85.4678,84.911789341
HMDB0001333,Manganese,[Mn++],WAEMQWOKJMHJLA-UHFFFAOYSA-N,Mn,54.938,54.938049636
HMDB0001341,ADP,NC1=NC=NC2=C1N=CN2[C@@H]1O[C@H](COP(O)(=O)OP(O)(O)=O)[C@@H](O)[C@H]1O,XTWYTFMLZFPYCI-KQYNXXCUSA-N,C10H15N5O10P2,427.2011,427.029414749
HMDB0001348,SM(d18:1/18:0),[H][C@@](COP([O-])(=O)OCC[N+](C)(C)C)(NC(=O)CCCCCCCCCCCCCCCCC)[C@H](O)\C=C\CCCCCCCCCCCCC,LKQLRGMMMAHREN-YJFXYUILSA-N,C41H83N2O6P,731.097,730.598875399
HMDB0001349,Selenium,[Se++],MFSBVGSNNPNWMD-UHFFFAOYSA-N,Se,78.96,79.916521828
HMDB0001366,Purine,N1C=NC2=C1C=NC=N2,KDCGOANMDULRCW-UHFFFAOYSA-N,C5H4N4,120.1121,120.043596148
HMDB0001367,N-Acetyl-glucosamine 1-phosphate,CC(=O)N[C@@H]1[C@@H](O)[C@H](O)[C@@H](CO)OC1OP(O)(O)=O,FZLJPEPAYPUMMR-RTRLPJTCSA-N,C8H16NO9P,301.1877,301.056267627
HMDB0001369,Pyrroline hydroxycarboxylic acid,OC1CC(N=C1)C(O)=O,WFOFKRKDDKGRIK-UHFFFAOYSA-N,C5H7NO3,129.114,129.042593095
HMDB0001388,alpha-Linolenic acid,CC\C=C/C\C=C/C\C=C/CCCCCCCC(O)=O,DTOSIQBPPRVQHS-PDBXOOCHSA-N,C18H30O2,278.4296,278.224580204
HMDB0001389,Melatonin,COC1=CC2=C(NC=C2CCNC(C)=O)C=C1,DRLFMBDRBRZALE-UHFFFAOYSA-N,C13H16N2O2,232.2783,232.121177766
HMDB0001390,Hydroxycotinine,CN1[C@@H](CC(O)C1=O)C1=CN=CC=C1,XOKCJXZZNAUIQN-IENPIDJESA-N,C10H12N2O2,192.2145,192.089877638
HMDB0001397,Guanosine monophosphate,NC1=NC2=C(N=CN2[C@@H]2O[C@H](COP(O)(O)=O)[C@@H](O)[C@H]2O)C(=O)N1,RQFCJASXJCIDSX-UUOKFMHZSA-N,C10H14N5O8P,363.2206,363.057998961
HMDB0001401,Glucose 6-phosphate,OC1O[C@H](COP(O)(O)=O)[C@@H](O)[C@H](O)[C@H]1O,NBSCHQHZLSJFNQ-GASJEMHNSA-N,C6H13O9P,260.1358,260.029718526
HMDB0001414,Putrescine,NCCCCN,KIDHWZJUCRJVML-UHFFFAOYSA-N,C4H12N2,88.1515,88.100048394
HMDB0001429,Phosphate,OP(O)(O)=O,NBIIXXVUZAFLBC-UHFFFAOYSA-N,H3O4P,97.9952,97.976895096
HMDB0001432,Agmatine,NCCCCNC(N)=N,QYPPJABKJHAVHS-UHFFFAOYSA-N,C5H14N4,130.1915,130.121846468
HMDB0001448,Sulfate,OS(O)(=O)=O,QAOWNCQODCNURD-UHFFFAOYSA-N,H2O4S,98.078,97.967379242
HMDB0001453,Thiocyanate,[S-]C#N,ZMZDMBWJUHKJPS-UHFFFAOYSA-M,CNS,58.082,57.975144695
HMDB0001473,Dihydroxyacetone phosphate,OCC(=O)COP(O)(O)=O,GNGACRATGGDKBX-UHFFFAOYSA-N,C3H7O6P,170.0578,169.998024468
HMDB0001475,Zirconium,[Zr+4],GBNDTYKAOXLLID-UHFFFAOYSA-N,Zr,91.224,89.904703679
HMDB0001478,Gallium,[GaH3],PHMDYZQXPPOZDG-UHFFFAOYSA-N,GaH3,72.747,71.949056008
HMDB0001485,Octane,CCCCCCCC,TVMXDCGIABBOFY-UHFFFAOYSA-N,C8H18,114.2285,114.140850576
HMDB0001488,Nicotinic acid,OC(=O)C1=CN=CC=C1,PVNIIMVLHYAWGP-UHFFFAOYSA-N,C6H5NO2,123.1094,123.032028409
HMDB0001505,Benzene,C1=CC=CC=C1,UHOVQNZJYSORNB-UHFFFAOYSA-N,C6H6,78.1118,78.046950192
HMDB0001514,Glucosamine,N[C@H]1C(O)O[C@H](CO)[C@@H](O)[C@@H]1O,MSWZFWKMSRAUBD-IVMDWMLBSA-N,C6H13NO5,179.1711,179.079372531
HMDB0001517,AICAR,NC(=O)C1=C(N)N(C=N1)[C@@H]1O[C@H](COP(O)(O)=O)[C@@H](O)[C@H]1O,NOTGFIUVDGNKRI-UUOKFMHZSA-N,C9H15N4O8P,338.2112,338.062749988
HMDB0001522,Methylguanidine,CNC(N)=N,CHJJGSNFBQVOTG-UHFFFAOYSA-N,C2H7N3,73.0971,73.063997239
HMDB0001548,D-Ribose 5-phosphate,O[C@H]1O[C@H](COP(O)(O)=O)[C@@H](O)[C@H]1O,KTVPXOYAKDPRHY-AIHAYLRMSA-N,C5H11O8P,230.1098,230.01915384
HMDB0001565,Phosphorylcholine,C[N+](C)(C)CCOP(O)(O)=O,YHHSONZFOIEMCP-UHFFFAOYSA-O,C5H15NO4P,184.1507,184.073869485
HMDB0001586,Glucose 1-phosphate,OC[C@H]1O[C@H](OP(O)(O)=O)[C@H](O)[C@@H](O)[C@@H]1O,HXXFSFRBOHSIMQ-VFUOTHLCSA-N,C6H13O9P,260.1358,260.029718526
HMDB0001659,Acetone,CC(C)=O,CSCPPACGZOOCGX-UHFFFAOYSA-N,C3H6O,58.0791,58.041864814
HMDB0001844,Methylsuccinic acid,C[C@@H](CC(O)=O)C(O)=O,WXUAQHNMJWJLTG-VKHMYHEASA-N,C5H8O4,132.115,132.042258738
HMDB0001847,Caffeine,CN1C=NC2=C1C(=O)N(C)C(=O)N2C,RYYVLZVUVIJVGH-UHFFFAOYSA-N,C8H10N4O2,194.1906,194.080375584
HMDB0001851,L-Arabitol,OC[C@H](O)C(O)[C@@H](O)CO,HEBKCHPVOIAQTA-IMJSIDKUSA-N,C5H12O5,152.1458,152.068473494
HMDB0001854,Tellurium,[Te+4],LHBANKJAFPUZQV-UHFFFAOYSA-N,Te,127.6,129.906222753
HMDB0001858,p-Cresol,CC1=CC=C(O)C=C1,IWDCLRJOBJJRNH-UHFFFAOYSA-N,C7H8O,108.1378,108.057514878
HMDB0001859,Acetaminophen,CC(=O)NC1=CC=C(O)C=C1,RZVAJINKPMORJF-UHFFFAOYSA-N,C8H9NO2,151.1626,151.063328537
HMDB0001860,Paraxanthine,CN1C=NC2=C1C(=O)N(C)C(=O)N2,QUNWUDVFRNGTCO-UHFFFAOYSA-N,C7H8N4O2,180.164,180.06472552
HMDB0001864,2-Ketohexanoic acid,CCCCC(=O)C(O)=O,XNIHZNNZJHYHLC-UHFFFAOYSA-N,C6H10O3,130.1418,130.062994186
HMDB0001870,Benzoic acid,OC(=O)C1=CC=CC=C1,WPYMKLBDIGXBTP-UHFFFAOYSA-N,C7H6O2,122.123,122.036779433
HMDB0001873,Isobutyric acid,CC(C)C(O)=O,KQNPFQTWMSNSAP-UHFFFAOYSA-N,C4H8O2,88.1051,88.0524295
HMDB0001875,Methanol,CO,OKKJLVBELUTLKV-UHFFFAOYSA-N,CH4O,32.0419,32.02621475
HMDB0001878,Thymol,CC(C)C1=C(O)C=C(C)C=C1,MGSRCZKZVOBKFT-UHFFFAOYSA-N,C10H14O,150.221,150.104465071
HMDB0001881,Propylene glycol,C[C@@H](O)CO,DNIAPMSPPWPWGF-GSVOUGTGSA-N,C3H8O2,76.0944,76.0524295
HMDB0001888,"N,N-Dimethylformamide",CN(C)C=O,ZMXDDKWLCZADIW-UHFFFAOYSA-N,C3H7NO,73.0938,73.052763851
HMDB0001893,alpha-Tocopherol,CC(C)CCC[C@@H](C)CCC[C@@H](C)CCC[C@]1(C)CCC2=C(C)C(O)=C(C)C(C)=C2O1,GVJHHUAWPYXKBD-IEOSBIPESA-N,C29H50O2,430.7061,430.381080844
HMDB0001894,Aspartame,COC(=O)[C@H](CC1=CC=CC=C1)NC(=O)[C@@H](N)CC(O)=O,IAOZJIPTCAWIRG-QWRGUYRKSA-N,C14H18N2O5,294.3031,294.121571696
HMDB0001895,Salicylic acid,OC(=O)C1=C(O)C=CC=C1,YGSDEFSMJLZEOE-UHFFFAOYSA-N,C7H6O3,138.122,138.031694053
HMDB0001934,Nicotine,CN1CCC[C@H]1C1=CN=CC=C1,SNICXCGAKADSCV-JTQLQIEISA-N,C10H14N2,162.2316,162.115698458
HMDB0001960,Tin,[SnH4+4],PXQLTWWGPFDWNT-UHFFFAOYSA-N,H4Sn,122.74,123.933496699
HMDB0001966,Titanium,[Ti+4],LCKIEQZJEYYRIY-UHFFFAOYSA-N,Ti,47.867,47.947947053
HMDB0001989,Tungsten,[W+4],YFGRPIXHCIXTLM-UHFFFAOYSA-N,W,183.84,183.950932553
HMDB0002000,Myristoleic acid,CCCC\C=C/CCCCCCCC(O)=O,YWWVWXASSLXJHU-WAYWQWQTSA-N,C14H26O2,226.355,226.193280076
HMDB0002005,Methionine sulfoxide,CS(=O)CC[C@H](N)C(O)=O,QEFRNWWLZKMPFJ-YGVKFDHGSA-N,C5H11NO3S,165.21,165.045964392
HMDB0002013,Butyrylcarnitine,CCCC(=O)O[C@H](CC([O-])=O)C[N+](C)(C)C,QWYFHHGCZUCMBN-SECBINFHSA-N,C11H21NO4,231.292,231.14705816
HMDB0002030,Fructosamine,NC[C@@]1(O)OC[C@@H](O)[C@@H](O)[C@@H]1O,IXZISFNWUWKBOM-ARQDHWQXSA-N,C6H13NO5,179.1711,179.079372531
HMDB0002048,m-Cresol,CC1=CC(O)=CC=C1,RLSSMJSEOOYNOY-UHFFFAOYSA-N,C7H8O,108.1378,108.057514878
HMDB0002056,Monoisobutyl phthalic acid,CC(C)COC(=O)C1=CC=CC=C1C(O)=O,RZJSUWQGFCHNFS-UHFFFAOYSA-N,C12H14O4,222.2372,222.089208936
HMDB0002064,N-Acetylputrescine,CC(=O)NCCCCN,KLZGKIDSEJWEDW-UHFFFAOYSA-N,C6H14N2O,130.1882,130.11061308
HMDB0002072,4-Methoxyphenylacetic acid,COC1=CC=C(CC(O)=O)C=C1,NRPFNQUDKRYCNX-UHFFFAOYSA-N,C9H10O3,166.1739,166.062994186
HMDB0002085,Syringic acid,COC1=CC(=CC(OC)=C1O)C(O)=O,JMSVCTWVEWCHDZ-UHFFFAOYSA-N,C9H10O5,198.174,198.052823422
HMDB0002107,Phthalic acid,OC(=O)C1=CC=CC=C1C(O)=O,XNGIFLGASWRNHJ-UHFFFAOYSA-N,C8H6O4,166.1308,166.02660868
HMDB0002111,Water,O,XLYOFNOQVPJJNP-UHFFFAOYSA-N,H2O,18.0153,18.010564686
HMDB0002120,Monoethyl phthalate,CCOC(=O)C1=CC=CC=C1C(O)=O,YWWHKOHZGJFMIE-UHFFFAOYSA-N,C10H10O4,194.184,194.057908808
HMDB0002130,Monomethyl phthalate,COC(=O)C1=CC=CC=C1C(O)=O,FNJSWIPFHMKRAT-UHFFFAOYSA-N,C9H8O4,180.1574,180.042258744
HMDB0002176,Ethylmethylacetic acid,CCC(C)C(O)=O,WLAMNBDJUVNPJU-UHFFFAOYSA-N,C5H10O2,102.1317,102.068079564
HMDB0002189,N8-Acetylspermidine,CC(=O)NCCCCNCCCN,FONIWJIDLJEJTL-UHFFFAOYSA-N,C9H21N3O,187.2825,187.168462309
HMDB0002199,Desaminotyrosine,OC(=O)CCC1=CC=C(O)C=C1,NMHMNPHRMNGLLB-UHFFFAOYSA-N,C9H10O3,166.1739,166.062994186
HMDB0002231,11Z-Eicosenoic acid,CCCCCCCC\C=C/CCCCCCCCCC(O)=O,BITHHVVYSMSWAG-KTKRTIGZSA-N,C20H38O2,310.5145,310.28718046
HMDB0002243,Picolinic acid,OC(=O)C1=CC=CC=N1,SIOXPEMLGUPBBT-UHFFFAOYSA-N,C6H5NO2,123.1094,123.032028409
HMDB0002259,Heptadecanoic acid,CCCCCCCCCCCCCCCCC(O)=O,KEMQGTRYUADPNZ-UHFFFAOYSA-N,C17H34O2,270.4507,270.255880332
HMDB0002271,Imidazolepropionic acid,OC(=O)CCC1=CNC=N1,ZCKYOWGFRHAZIQ-UHFFFAOYSA-N,C6H8N2O2,140.1399,140.05857751
HMDB0002290,Arsenic,[As+3],LULLIKNODDLMDQ-UHFFFAOYSA-N,As,74.9216,74.921596417
HMDB0002302,Indole-3-propionic acid,OC(=O)CCC1=CNC2=C1C=CC=C2,GOLXRNDWAUTYKT-UHFFFAOYSA-N,C11H11NO2,189.2105,189.078978601
HMDB0002322,Cadaverine,NCCCCCN,VHRGRCVQAFMJIZ-UHFFFAOYSA-N,C5H14N2,102.1781,102.115698458
HMDB0002329,Oxalic acid,OC(=O)C(O)=O,MUBZPKHOEPUJKR-UHFFFAOYSA-N,C2H2O4,90.0349,89.995308552
HMDB0002340,2-Methylbenzoic acid,CC1=C(C=CC=C1)C(O)=O,ZWLPBLYKEWSWPD-UHFFFAOYSA-N,C8H8O2,136.1479,136.0524295
HMDB0002350,Octadecanol,CCCCCCCCCCCCCCCCCCO,GLDOVTGHNKAZLK-UHFFFAOYSA-N,C18H38O,270.4937,270.292265838
HMDB0002386,Boron,[B+3],FRWDHMWMHYXNLW-UHFFFAOYSA-N,B,10.811,11.009305466
HMDB0002428,Terephthalic acid,OC(=O)C1=CC=C(C=C1)C(O)=O,KKEYFWRCBNTPAC-UHFFFAOYSA-N,C8H6O4,166.1308,166.02660868
HMDB0002457,Nickel,[Ni++],VEQPNABPJHWNSG-UHFFFAOYSA-N,Ni,58.6934,57.935347922
HMDB0002501,Germanium,[Ge+4],CULSIAXQVSZNSV-UHFFFAOYSA-N,Ge,72.64,73.921178213
HMDB0002503,Vanadium,[V+3],KOKKJWHERHSKEB-UHFFFAOYSA-N,V,50.9415,50.943963675
HMDB0002712,"1,5-Anhydrosorbitol",OC[C@H]1OC[C@H](O)[C@@H](O)[C@@H]1O,MPCAJMNYNOGXPB-SLPGGIOYSA-N,C6H12O5,164.1565,164.068473494
HMDB0002786,Nitrite,ON=O,IOVCWXUNBOPUCH-UHFFFAOYSA-N,HNO2,47.0134,47.000728281
HMDB0002802,Cortisone,[H][C@@]12CC[C@](O)(C(=O)CO)[C@@]1(C)CC(=O)[C@@]1([H])[C@@]2([H])CCC2=CC(=O)CC[C@]12C,MFYSYFVPBJMHGN-ZPOLXVRWSA-N,C21H28O5,360.444,360.193674006
HMDB0002820,Methylimidazoleacetic acid,CN1C=NC(CC(O)=O)=C1,ZHCKPJGJQOPTLB-UHFFFAOYSA-N,C6H8N2O2,140.1399,140.05857751
HMDB0002825,Theobromine,CN1C=NC2=C1C(O)=NC(=O)N2C,YAPQBXQYLJRXSA-UHFFFAOYSA-N,C7H8N4O2,180.164,180.06472552
HMDB0002917,D-Xylitol,OC[C@H](O)[C@@H](O)[C@H](O)CO,HEBKCHPVOIAQTA-SCDXWVJYSA-N,C5H12O5,152.1458,152.068473494
HMDB0002923,Isomaltose,OC[C@H]1O[C@H](OC[C@H]2O[C@@H](O)[C@H](O)[C@@H](O)[C@@H]2O)[C@H](O)[C@@H](O)[C@@H]1O,DLRVVLDZNNYCBX-BTLHAWITSA-N,C12H22O11,342.2965,342.116211546
HMDB0002925,Dihomo-gamma-linolenic acid,CCCCC\C=C/C\C=C/C\C=C/CCCCCCC(O)=O,HOBAELRKJCKHQD-QNEBEIHSSA-N,C20H34O2,306.4828,306.255880332
HMDB0002931,N-Acetylserine,CC(=O)N[C@@H](CO)C(O)=O,JJIHLJJYMXLCOY-BYPYZUCNSA-N,C5H9NO4,147.1293,147.053157781
HMDB0002939,Methyl isobutyl ketone,CC(C)CC(C)=O,NTIZESTWPVYFNL-UHFFFAOYSA-N,C6H12O,100.1589,100.088815006
HMDB0002994,Erythritol,OC[C@H](O)[C@H](O)CO,UNXHWFMMPAWVPI-ZXZARUISSA-N,C4H10O4,122.1198,122.057908808
HMDB0003072,Quinic acid,O[C@@H]1C[C@@](O)(C[C@@H](O)[C@H]1O)C(O)=O,AAWZDTNXLSGCEK-WYWMIBKRSA-N,C7H12O6,192.1666,192.063388116
HMDB0003119,Benzyl alcohol,OCC1=CC=CC=C1,WVDDGKGOMKODPV-UHFFFAOYSA-N,C7H8O,108.1378,108.057514878
HMDB0003178,Heme,CC1=C(CCC(O)=O)C2=CC3=[N+]4C(=CC5=C(C)C(C=C)=C6C=C7C(C)=C(C=C)C8=[N+]7[Fe--]4(N2C1=C8)N56)C(C)=C3CCC(O)=O,KABFMIBPWCXCRK-RGGAHWMASA-L,C34H32FeN4O4,616.487,616.177297665
HMDB0003229,Palmitoleic acid,CCCCCC\C=C/CCCCCCCC(O)=O,SECPZKHBENQXJG-FPLPWBNLSA-N,C16H30O2,254.4082,254.224580204
HMDB0003231,Vaccenic acid,CCCCCC\C=C\CCCCCCCCCC(O)=O,UWHZIFQPPBDJPM-BQYQJAHWSA-N,C18H34O2,282.468,282.255880335
HMDB0003243,Acetoin,CC(O)C(C)=O,ROWKJAVDOGWPAT-UHFFFAOYSA-N,C4H8O2,88.1051,88.0524295
HMDB0003334,Symmetric dimethylarginine,CN\C(NCCC[C@H](N)C(O)=O)=N/C,HVPFXCBJHIIJGS-LURJTMIESA-N,C8H18N4O2,202.2541,202.14297584
HMDB0003337,Oxidized glutathione,N[C@@H](CCC(=O)N[C@@H](CSSC[C@H](NC(=O)CC[C@H](N)C(O)=O)C(=O)NCC(O)=O)C(=O)NCC(O)=O)C(O)=O,YPZRWBKMTBYPTK-BJDJZHNGSA-N,C20H32N6O12S2,612.631,612.151961898
HMDB0003339,D-Glutamic acid,N[C@H](CCC(O)=O)C(O)=O,WHUUTDBJXJRKMK-GSVOUGTGSA-N,C5H9NO4,147.1293,147.053157781
HMDB0003345,alpha-D-Glucose,OC[C@H]1O[C@H](O)[C@H](O)[C@@H](O)[C@@H]1O,WQZGKKKJIJFFOK-DVKNGEFBSA-N,C6H12O6,180.1559,180.063388116
HMDB0003352,Menthol,CC(C)[C@@H]1CC[C@@H](C)C[C@H]1O,NOOLISFMXDJSKH-KXUCPTDWSA-N,C10H20O,156.269,156.151415264
HMDB0003355,5-Aminopentanoic acid,NCCCCC(O)=O,JJMDCOVWQOJGCB-UHFFFAOYSA-N,C5H11NO2,117.1463,117.078978601
HMDB0003357,N2-Acetylornithine,CC(=O)N[C@@H](CCCN)C(O)=O,JRLGPAXAGHMNOL-LURJTMIESA-N,C7H14N2O3,174.1977,174.100442324
HMDB0003361,Pyrimidine,C1=CN=CN=C1,CZPWVGJYEJSRLH-UHFFFAOYSA-N,C4H4N2,80.088,80.037448138
HMDB0003366,Propanal,CCC=O,NBBJYMSMWIIQGU-UHFFFAOYSA-N,C3H6O,58.0791,58.041864814
HMDB0003374,D-Ornithine,NCCC[C@@H](N)C(O)=O,AHLPHDHHMVZTML-SCSAIBSYSA-N,C5H12N2O2,132.161,132.089877638
HMDB0003375,(+)-Limonene,CC(=C)[C@@H]1CCC(C)=CC1,XMGQYMWWDOXHJM-JTQLQIEISA-N,C10H16,136.234,136.125200512
HMDB0003406,D-Serine,N[C@H](CO)C(O)=O,MTCFGRXMJLQNBG-UWTATZPHSA-N,C3H7NO3,105.0926,105.042593095
HMDB0003407,Diacetyl,CC(=O)C(C)=O,QSJXEFYPDANLFS-UHFFFAOYSA-N,C4H6O2,86.0892,86.036779436
HMDB0003417,D-Cysteine,N[C@H](CS)C(O)=O,XUJNEKJLAYXESH-UWTATZPHSA-N,C3H7NO2S,121.15,121.019749643
HMDB0003418,D-Tagatose,OC[C@@]1(O)OC[C@@H](O)[C@H](O)[C@@H]1O,LKDRXBCSQODPBY-DPYQTVNSSA-N,C6H12O6,180.156,180.063388106
HMDB0003423,D-Glutamine,N[C@H](CCC(N)=O)C(O)=O,ZDXPYRJPNDTMRX-GSVOUGTGSA-N,C5H10N2O3,146.1445,146.069142196
HMDB0003459,D-Alanyl-D-alanine,C[C@@H](N)C(=O)N[C@H](C)C(O)=O,DEFJQIDDEAULHB-QWWZWVQMSA-N,C6H12N2O3,160.1711,160.08479226
HMDB0003466,L-Gulonolactone,[H][C@@]1(OC(=O)[C@@H](O)[C@H]1O)[C@@H](O)CO,SXZYCXMUPBBULW-SKNVOMKLSA-N,C6H10O6,178.14,178.047738052
HMDB0003540,3'-AMP,NC1=C2N=CN([C@@H]3O[C@H](CO)[C@@H](OP(O)(O)=O)[C@H]3O)C2=NC=N1,LNQVTSROQXJCDD-KQYNXXCUSA-N,C10H14N5O7P,347.2212,347.063084339
HMDB0003638,Cadmium,[Cd++],WLZRMCYVCSSEQC-UHFFFAOYSA-N,Cd,112.411,113.903358121
HMDB0003642,Strontium,[Sr++],PWYYWQHXAPXYMF-UHFFFAOYSA-N,Sr,87.62,87.905614339
HMDB0003647,Perillyl aldehyde,[H]C(=O)C1=CCC(CC1)C(C)=C,RUMOYJJNUMEFDD-UHFFFAOYSA-N,C10H14O,150.221,150.104465071
HMDB0003671,2-Heptanone,CCCCCC(C)=O,CATSNJVOTSVZJV-UHFFFAOYSA-N,C7H14O,114.1855,114.10446507
HMDB0004096,5-Methoxyindoleacetate,COC1=CC2=C(NC=C2CC(O)=O)C=C1,COCNDHOPIHDTHK-UHFFFAOYSA-N,C11H11NO3,205.2099,205.073893223
HMDB0004142,Barium,[Ba++],XDFCIPNJCBUZJN-UHFFFAOYSA-N,Ba,137.327,137.905241273
HMDB0004231,Panthenol,CC(C)(CO)[C@@H](O)C(=O)NCCCO,SNPLKNRPJHDVJA-ZETCQYMHSA-N,C9H19NO4,205.2515,205.131408101
HMDB0004327,1-Butanol,CCCCO,LRHPLDYGYMQRHN-UHFFFAOYSA-N,C4H10O,74.1216,74.073164942
HMDB0004461,Benzamide,NC(=O)C1=CC=CC=C1,KXDAEFPNCMNJSK-UHFFFAOYSA-N,C7H7NO,121.1366,121.052763851
HMDB0004472,Eucalyptol,C[C@@]12CC[C@@H](CC1)C(C)(C)O2,WEEGYLXZBRQIMU-WAAGHKOSSA-N,C10H18O,154.2493,154.135765198
HMDB0004487,(S)-Carvone,CC(=C)[C@H]1CC=C(C)C(=O)C1,ULDHMXUKGWMISQ-VIFPVBQESA-N,C10H14O,150.2176,150.10446507
HMDB0004628,Lead,[Pb++],RVPVRDXYQKGNMQ-UHFFFAOYSA-N,Pb,207.2,207.97663585
HMDB0004667,13-HODE,CCCCC[C@H](O)\C=C\C=C/CCCCCCCC(O)=O,HNICUWMFWZBIFP-IRQZEAMPSA-N,C18H32O3,296.4449,296.23514489
HMDB0004670,alpha-Dimorphecolic acid,CCCCC\C=C/C=C/[C@@H](O)CCCCCCCC(O)=O,NPDSHTNEKLQQIJ-UINYOVNOSA-N,C18H32O3,296.4449,296.23514489
HMDB0004814,4-Heptanone,CCCC(=O)CCC,HCFAJYNVAYBARA-UHFFFAOYSA-N,C7H14O,114.1855,114.10446507
HMDB0004827,Proline betaine,C[N+]1(C)CCC[C@H]1C([O-])=O,CMUNUTVVOOHQPW-LURJTMIESA-N,C7H13NO2,143.1836,143.094628665
HMDB0004983,Dimethyl sulfone,CS(C)(=O)=O,HHVIBTZHLRERCL-UHFFFAOYSA-N,C2H6O2S,94.133,94.008850126
HMDB0005066,Tetradecanoylcarnitine,CCCCCCCCCCCCCC(=O)O[C@H](CC(O)=O)C[N+](C)(C)C,PSHXNVGSVNEJBD-LJQANCHMSA-O,C21H42NO4,372.569,372.310835257
HMDB0005802,Isoeugenol,COC1=CC(\C=C\C)=CC=C1O,BJIOGJUNALELMI-ONEGZZNKSA-N,C10H12O2,164.2011,164.083729628
HMDB0005805,p-Cymene,CC(C)C1=CC=C(C)C=C1,HFPZCAJZSCWRBC-UHFFFAOYSA-N,C10H14,134.222,134.109550451
HMDB0005806,gamma-Terpinene,CC(C)C1=CCC(C)=CC1,YKFLAYDHMOASIY-UHFFFAOYSA-N,C10H16,136.238,136.125200515
HMDB0005809,Eugenol,COC1=CC(CC=C)=CC=C1O,RRAFCDWBNXTKKO-UHFFFAOYSA-N,C10H12O2,164.2011,164.083729628
HMDB0005812,Geraniol,CC(C)=CCC\C(C)=C/CO,GLZPCOQZEFWAFX-YFHOEESVSA-N,C10H18O,154.253,154.1357652
HMDB0005843,Allyl isothiocyanate,C=CCN=C=S,ZOJBYZNEUISWFT-UHFFFAOYSA-N,C4H5NS,99.154,99.014269855
HMDB0005879,Dimethyldisulfide,CSSC,WQOXQRCZOLPYPM-UHFFFAOYSA-N,C2H6S2,94.199,93.991091572
HMDB0005949,Lithium,[Li+],HBBGRARXTFLTSG-UHFFFAOYSA-N,Li,6.941,7.016004049
HMDB0005994,Hexanal,CCCCCC=O,JARKCYVAAOWBJS-UHFFFAOYSA-N,C6H12O,100.1589,100.088815006
HMDB0006006,Isobutanol,CC(C)CO,ZXEKIIBDNHEJCQ-UHFFFAOYSA-N,C4H10O,74.1216,74.073164942
HMDB0006007,Isopentanol,CC(C)CCO,PHTQWCKDNZKARW-UHFFFAOYSA-N,C5H12O,88.1482,88.088815006
HMDB0006088,scyllo-Inositol,O[C@H]1[C@H](O)[C@@H](O)[C@H](O)[C@@H](O)[C@@H]1O,CDAISMWEOUEBRE-CDRYSYESSA-N,C6H12O6,180.1559,180.063388116
HMDB0006111,12-HETE,CCCCC\C=C/C[C@H](O)\C=C\C=C/C\C=C/CCCC(O)=O,ZNHVWPKMFKADKW-LQWMCKPYSA-N,C20H32O3,320.4663,320.23514489
HMDB0006115,Benzaldehyde,O=CC1=CC=CC=C1,HUMNYLRZRPPJDN-UHFFFAOYSA-N,C7H6O,106.1219,106.041864814
HMDB0006213,"(S)-Propane-1,2-diol",C[C@H](O)CO,DNIAPMSPPWPWGF-VKHMYHEASA-N,C3H8O2,76.0944,76.0524295
HMDB0006272,5-Amino-2-oxopentanoic acid,NCCCC(=O)C(O)=O,BWHGMFYTDQEALD-UHFFFAOYSA-N,C5H9NO3,131.1299,131.058243159
HMDB0006331,"cis,cis-Muconic acid",OC(=O)\C=C/C=C\C(O)=O,TXXHDPDFNKHHGW-CCAGOZQPSA-N,C6H6O4,142.1094,142.02660868
HMDB0006478,Isovaleraldehyde,CC(C)CC=O,YGHRJJRRZDOVPD-UHFFFAOYSA-N,C5H10O,86.1323,86.073164942
HMDB0007871,PC(14:0/18:0),[H][C@@](COC(=O)CCCCCCCCCCCCC)(COP([O-])(=O)OCC[N+](C)(C)C)OC(=O)CCCCCCCCCCCCCCCCC,TYAQXZHDAGZOEO-KXQOOQHDSA-N,C40H80NO8P,734.0389,733.562155053
HMDB0007879,PC(34:1),CCCCCCCCCCCCCC(=O)OC[C@]([H])(COP([O-])(=O)OCC[N+](C)(C)C)OC(=O)CCCCCCCCC\C=C/CCCCCCCC,DMEBDXIQFIKNQR-OIJJMQLXSA-N,C42H82NO8P,760.0761,759.577805117
HMDB0007880,PC(34:2),CCCCCCCCCCCCCC(=O)OC[C@]([H])(COP([O-])(=O)OCC[N+](C)(C)C)OC(=O)CCCCCCCCC\C=C/C\C=C/CCCCC,IRYMXEVDAKMFIF-YBLKGUNISA-N,C42H80NO8P,758.0603,757.562155053
HMDB0007881,PC(34:3),CCCCCCCCCCCCCC(=O)OC[C@]([H])(COP([O-])(=O)OCC[N+](C)(C)C)OC(=O)CCC\C=C/C\C=C/C\C=C/CCCCCCCC,XWHIBISICRMDDW-ZLBNXBDKSA-N,C42H78NO8P,756.0444,755.546504989
HMDB0007882,"PC(14:0/20:3(8Z,11Z,14Z))",CCCCCCCCCCCCCC(=O)OC[C@]([H])(COP([O-])(=O)OCC[N+](C)(C)C)OC(=O)CCCCCC\C=C/C\C=C/C\C=C/CCCCC,ZAUFLMLTXNKVAB-AFYHZPHLSA-N,C42H78NO8P,756.0444,755.546504989
HMDB0007887,PC(36:1),CCCCCCCCCCCCCC(=O)OC[C@]([H])(COP([O-])(=O)OCC[N+](C)(C)C)OC(=O)CCCCCCCCCCC\C=C/CCCCCCCC,LOVKBDFNFACEND-HSEDGGQWSA-N,C44H86NO8P,788.1293,787.609105245
HMDB0007888,"PC(14:0/22:2(13Z,16Z))",CCCCCCCCCCCCCC(=O)OC[C@]([H])(COP([O-])(=O)OCC[N+](C)(C)C)OC(=O)CCCCCCCCCCC\C=C/C\C=C/CCCCC,BRAPXNOAYHMWEX-JHHJWKSXSA-N,C44H84NO8P,786.1134,785.593455181
HMDB0007889,PC(36:4),CCCCCCCCCCCCCC(=O)OC[C@]([H])(COP([O-])(=O)OCC[N+](C)(C)C)OC(=O)CCCCC\C=C/C\C=C/C\C=C/C\C=C/CCCCC,UDOCLKXJVMJFLD-CCHOKCMJSA-N,C44H80NO8P,782.0817,781.562155053
HMDB0007890,PC(36:5),CCCCCCCCCCCCCC(=O)OC[C@]([H])(COP([O-])(=O)OCC[N+](C)(C)C)OC(=O)CC\C=C/C\C=C/C\C=C/C\C=C/C\C=C/CCCCC,MGUTYWPZCZBAGE-JZDIRDTQSA-N,C44H78NO8P,780.0658,779.546504989
HMDB0007891,"PC(14:0/22:5(7Z,10Z,13Z,16Z,19Z))",CCCCCCCCCCCCCC(=O)OC[C@]([H])(COP([O-])(=O)OCC[N+](C)(C)C)OC(=O)CCCCC\C=C/C\C=C/C\C=C/C\C=C/C\C=C/CC,SFEMWZZGMMRGCX-DYPKKMQZSA-N,C44H78NO8P,780.0658,779.546504989
HMDB0007896,PC(14:0/P-18:0),CCCCCCCCCCCCCCCC\C=C/OC(COC(=O)CCCCCCCCCCCCC)COP([O-])(=O)OCC[N+](C)(C)C,RGTWJEUZOMLQFH-JCUPVDEDSA-N,C40H80NO7P,718.0395,717.567240431
HMDB0007911,PC(14:1(9Z)/20:0),CCCCCCCCCCCCCCCCCCCC(=O)O[C@]([H])(COC(=O)CCCCCCC\C=C/CCCC)COP([O-])(=O)OCC[N+](C)(C)C,SJLGFZBXPQKJIH-LLVYEJTBSA-N,C42H82NO8P,760.0761,759.577805117
HMDB0007912,PC(14:1(9Z)/20:1(11Z)),CCCCCCCC\C=C/CCCCCCCCCC(=O)O[C@]([H])(COC(=O)CCCCCCC\C=C/CCCC)COP([O-])(=O)OCC[N+](C)(C)C,OLUKQTJCNPHKRC-LYJZGNKWSA-N,C42H80NO8P,758.0603,757.562155053
HMDB0007913,"PC(14:1(9Z)/20:2(11Z,14Z))",CCCCC\C=C/C\C=C/CCCCCCCCCC(=O)O[C@]([H])(COC(=O)CCCCCCC\C=C/CCCC)COP([O-])(=O)OCC[N+](C)(C)C,KBHCBANQRIOXLD-FRPVHTQQSA-N,C42H78NO8P,756.0444,755.546504989
HMDB0007919,PC(14:1(9Z)/22:0),CCCCCCCCCCCCCCCCCCCCCC(=O)O[C@]([H])(COC(=O)CCCCCCC\C=C/CCCC)COP([O-])(=O)OCC[N+](C)(C)C,OSTGKIDWKPXCRQ-FASREOMLSA-N,C44H86NO8P,788.1293,787.609105245
HMDB0007920,PC(14:1(9Z)/22:1(13Z)),CCCCCCCC\C=C/CCCCCCCCCCCC(=O)O[C@]([H])(COC(=O)CCCCCCC\C=C/CCCC)COP([O-])(=O)OCC[N+](C)(C)C,CGXBWJDAGMQUFG-MHJIJCEHSA-N,C44H84NO8P,786.1134,785.593455181
HMDB0007921,PC(36:3),CCCCC\C=C/C\C=C/CCCCCCCCCCCC(=O)O[C@]([H])(COC(=O)CCCCCCC\C=C/CCCC)COP([O-])(=O)OCC[N+](C)(C)C,LMYYUVAVNWPEPG-GXAHKNHCSA-N,C44H82NO8P,784.0975,783.577805117
HMDB0007922,"PC(14:1(9Z)/22:4(7Z,10Z,13Z,16Z))",CCCCC\C=C/C\C=C/C\C=C/C\C=C/CCCCCC(=O)O[C@]([H])(COC(=O)CCCCCCC\C=C/CCCC)COP([O-])(=O)OCC[N+](C)(C)C,XBLSNYPBWMKQLW-WPNBCRARSA-N,C44H78NO8P,780.0658,779.546504989
HMDB0007971,PC(16:0/18:1(11Z)),[H][C@@](COC(=O)CCCCCCCCCCCCCCC)(COP([O-])(=O)OCC[N+](C)(C)C)OC(=O)CCCCCCCCC\C=C/CCCCCC,AEPVLLKGEBHLEJ-KWNHIAGJSA-N,C42H82NO8P,760.0761,759.577805117
HMDB0007972,PC(16:0/18:1(9Z)),[H][C@@](COC(=O)CCCCCCCCCCCCCCC)(COP([O-])(=O)OCC[N+](C)(C)C)OC(=O)CCCCCCC\C=C/CCCCCCCC,WTJKGGKOPKCXLL-VYOBOKEXSA-N,C42H82NO8P,760.0761,759.577805117
HMDB0007973,"PC(16:0/18:2(9Z,12Z))",[H][C@@](COC(=O)CCCCCCCCCCCCCCC)(COP([O-])(=O)OCC[N+](C)(C)C)OC(=O)CCCCCCC\C=C/C\C=C/CCCCC,JLPULHDHAOZNQI-ZTIMHPMXSA-N,C42H80NO8P,758.0603,757.562155053
HMDB0007974,"PC(16:0/18:3(6Z,9Z,12Z))",CCCCCCCCCCCCCCCC(=O)OC[C@]([H])(COP([O-])(=O)OCC[N+](C)(C)C)OC(=O)CCCC\C=C/C\C=C/C\C=C/CCCCC,CNNSEHUKQJCGTE-UPPWDXJYSA-N,C42H78NO8P,756.0444,755.546504989
HMDB0007975,"PC(16:0/18:3(9Z,12Z,15Z))",CCCCCCCCCCCCCCCC(=O)OC[C@]([H])(COP([O-])(=O)OCC[N+](C)(C)C)OC(=O)CCCCCCC\C=C/C\C=C/C\C=C/CC,JMAYDGBZRHQJAT-QWFQJEORSA-N,C42H78NO8P,756.0444,755.546504989
HMDB0007978,PC(16:0/20:1(11Z)),CCCCCCCCCCCCCCCC(=O)OC[C@]([H])(COP([O-])(=O)OCC[N+](C)(C)C)OC(=O)CCCCCCCCC\C=C/CCCCCCCC,MZZHKIPFYPOYKP-NYJULOOZSA-N,C44H86NO8P,788.1293,787.609105245
HMDB0007979,"PC(16:0/20:2(11Z,14Z))",CCCCCCCCCCCCCCCC(=O)OC[C@]([H])(COP([O-])(=O)OCC[N+](C)(C)C)OC(=O)CCCCCCCCC\C=C/C\C=C/CCCCC,ZRTZULWIAWDUBY-UXSLIEDSSA-N,C44H84NO8P,786.1134,785.593455181
HMDB0007980,"PC(16:0/20:3(5Z,8Z,11Z))",CCCCCCCCCCCCCCCC(=O)OC[C@]([H])(COP([O-])(=O)OCC[N+](C)(C)C)OC(=O)CCC\C=C/C\C=C/C\C=C/CCCCCCCC,XMZFUVYOYPLVOA-VLHUWQDUSA-N,C44H82NO8P,784.0975,783.577805117
HMDB0007981,"PC(16:0/20:3(8Z,11Z,14Z))",CCCCCCCCCCCCCCCC(=O)OC[C@]([H])(COP([O-])(=O)OCC[N+](C)(C)C)OC(=O)CCCCCC\C=C/C\C=C/C\C=C/CCCCC,SRIGHEHXEGELQJ-YYQUKWHJSA-N,C44H82NO8P,784.0975,783.577805117
HMDB0007982,"PC(16:0/20:4(5Z,8Z,11Z,14Z))",CCCCCCCCCCCCCCCC(=O)OC[C@]([H])(COP([O-])(=O)OCC[N+](C)(C)C)OC(=O)CCC\C=C/C\C=C/C\C=C/C\C=C/CCCCC,IIZPXYDJLKNOIY-JXPKJXOSSA-N,C44H80NO8P,782.0817,781.562155053
HMDB0007983,"PC(16:0/20:4(8Z,11Z,14Z,17Z))",[H][C@@](COC(=O)CCCCCCCCCCCCCCC)(COP([O-])(=O)OCC[N+](C)(C)C)OC(=O)CCCCCC\C=C/C\C=C/C\C=C/C\C=C/CC,JAVWFBAAZSHHAD-HCYAGMRRSA-N,C44H80NO8P,782.0817,781.562155053
HMDB0007984,"PC(16:0/20:5(5Z,8Z,11Z,14Z,17Z))",CCCCCCCCCCCCCCCC(=O)OC[C@]([H])(COP([O-])(=O)OCC[N+](C)(C)C)OC(=O)CCC\C=C/C\C=C/C\C=C/C\C=C/C\C=C/CC,KLTHQSWIRFFBRI-CPFPVJFHSA-N,C44H78NO8P,780.0658,779.546504989
HMDB0007988,PC(38:4),CCCCCCCCCCCCCCCC(=O)OC[C@]([H])(COP([O-])(=O)OCC[N+](C)(C)C)OC(=O)CCCCC\C=C/C\C=C/C\C=C/C\C=C/CCCCC,IRWRFKUTKSUFST-MDYGELLQSA-N,C46H84NO8P,810.1348,809.593455181
HMDB0007989,PC(38:5),CCCCCCCCCCCCCCCC(=O)OC[C@]([H])(COP([O-])(=O)OCC[N+](C)(C)C)OC(=O)CC\C=C/C\C=C/C\C=C/C\C=C/C\C=C/CCCCC,MWXAIAMSOXOQJK-JIXVGTEKSA-N,C46H82NO8P,808.1189,807.577805117
HMDB0007990,"PC(16:0/22:5(7Z,10Z,13Z,16Z,19Z))",CCCCCCCCCCCCCCCC(=O)OC[C@]([H])(COP([O-])(=O)OCC[N+](C)(C)C)OC(=O)CCCCC\C=C/C\C=C/C\C=C/C\C=C/C\C=C/CC,ARDJUHDXABDVFH-ZHSIBHBUSA-N,C46H82NO8P,808.1189,807.577805117
HMDB0007991,PC(38:6),CCCCCCCCCCCCCCCC(=O)OC[C@]([H])(COP([O-])(=O)OCC[N+](C)(C)C)OC(=O)CC\C=C/C\C=C/C\C=C/C\C=C/C\C=C/C\C=C/CC,IESVDEZGAHUQJU-ZLBXKVHBSA-N,C46H80NO8P,806.1031,805.562155053
HMDB0007994,PC(16:0/P-16:0),CCCCCCCCCCCCCCCC(=O)OCC(COP([O-])(=O)OCC[N+](C)(C)C)O\C=C/CCCCCCCCCCCCCC,KEVGQWGZKKFGDC-JCUPVDEDSA-N,C40H80NO7P,718.0395,717.567240431
HMDB0007996,PC(16:0/P-18:1(11Z)),CCCCCCCCCCCCCCCC(=O)OCC(COP([O-])(=O)OCC[N+](C)(C)C)O\C=C/CCCCCCCC\C=C/CCCCCC,MPQGNHKVOVYEEN-RTVLTNFHSA-N,C42H82NO7P,744.0767,743.582890495
HMDB0007997,PC(16:0/P-18:1(9Z)),CCCCCCCCCCCCCCCC(=O)OCC(COP([O-])(=O)OCC[N+](C)(C)C)O\C=C/CCCCCC\C=C/CCCCCCCC,UQCSRPHVLJIYTA-ADJITVTDSA-N,C42H82NO7P,744.0767,743.582890495
HMDB0008003,PC(16:1(9Z)/18:0),CCCCCCCCCCCCCCCCCC(=O)O[C@]([H])(COC(=O)CCCCCCC\C=C/CCCCCC)COP([O-])(=O)OCC[N+](C)(C)C,LJUDFFWSOQEQKW-QCFYSATCSA-N,C42H82NO8P,760.0761,759.577805117
HMDB0008004,PC(16:1(9Z)/18:1(11Z)),CCCCCC\C=C/CCCCCCCCCC(=O)O[C@]([H])(COC(=O)CCCCCCC\C=C/CCCCCC)COP([O-])(=O)OCC[N+](C)(C)C,JUVGBPLHSDPAMK-JSLHZOBYSA-N,C42H80NO8P,758.0603,757.562155053
HMDB0008005,PC(16:1(9Z)/18:1(9Z)),CCCCCCCC\C=C/CCCCCCCC(=O)O[C@]([H])(COC(=O)CCCCCCC\C=C/CCCCCC)COP([O-])(=O)OCC[N+](C)(C)C,ZRCWDIULNHKQRD-RWGOWQMXSA-N,C42H80NO8P,758.0603,757.562155053
HMDB0008006,"PC(16:1(9Z)/18:2(9Z,12Z))",CCCCCC\C=C/CCCCCCCC(=O)OC[C@]([H])(COP([O-])(=O)OCC[N+](C)(C)C)OC(=O)CCCCCCC\C=C/C\C=C/CCCCC,QJWDAOSZZYVBJZ-KXESGEQTSA-N,C42H78NO8P,756.0444,755.546504989
HMDB0008010,PC(16:1(9Z)/20:0),[H][C@@](COC(=O)CCCCCCC\C=C/CCCCCC)(COP([O-])(=O)OCC[N+](C)(C)C)OC(=O)CCCCCCCCCCCCCCCCCCC,YFGYYMPGHQJKLU-HTDYWKJCSA-N,C44H86NO8P,788.1293,787.609105245
HMDB0008011,PC(16:1(9Z)/20:1(11Z)),CCCCCCCC\C=C/CCCCCCCCCC(=O)O[C@]([H])(COC(=O)CCCCCCC\C=C/CCCCCC)COP([O-])(=O)OCC[N+](C)(C)C,RPEHVLWFOYUNMD-NPCYKUJHSA-N,C44H84NO8P,786.1134,785.593455181
HMDB0008012,"PC(16:1(9Z)/20:2(11Z,14Z))",CCCCCC\C=C/CCCCCCCC(=O)OC[C@]([H])(COP([O-])(=O)OCC[N+](C)(C)C)OC(=O)CCCCCCCCC\C=C/C\C=C/CCCCC,IIGHFIDXVYEMME-ZAEMQJNLSA-N,C44H82NO8P,784.0975,783.577805117
HMDB0008013,"PC(16:1(9Z)/20:3(5Z,8Z,11Z))",CCCCCCCC\C=C/C\C=C/C\C=C/CCCC(=O)O[C@]([H])(COC(=O)CCCCCCC\C=C/CCCCCC)COP([O-])(=O)OCC[N+](C)(C)C,SKHRULFMZYNDLW-IRKGUOCTSA-N,C44H80NO8P,782.0817,781.562155053
HMDB0008014,"PC(16:1(9Z)/20:3(8Z,11Z,14Z))",CCCCCC\C=C/CCCCCCCC(=O)OC[C@]([H])(COP([O-])(=O)OCC[N+](C)(C)C)OC(=O)CCCCCC\C=C/C\C=C/C\C=C/CCCCC,SCFKGVINVZBYAF-MLQXCARSSA-N,C44H80NO8P,782.0817,781.562155053
HMDB0008015,"PC(16:1(9Z)/20:4(5Z,8Z,11Z,14Z))",CCCCCC\C=C/CCCCCCCC(=O)OC[C@]([H])(COP([O-])(=O)OCC[N+](C)(C)C)OC(=O)CCC\C=C/C\C=C/C\C=C/C\C=C/CCCCC,DYDDZDMJSQYFGN-OIVUZXIWSA-N,C44H78NO8P,780.0658,779.546504989
HMDB0008016,"PC(16:1(9Z)/20:4(8Z,11Z,14Z,17Z))",CCCCCC\C=C/CCCCCCCC(=O)OC[C@]([H])(COP([O-])(=O)OCC[N+](C)(C)C)OC(=O)CCCCCC\C=C/C\C=C/C\C=C/C\C=C/CC,NJKOHDXHBBUJBZ-HVRDEFPWSA-N,C44H78NO8P,780.0658,779.546504989
HMDB0008020,PC(38:3),CCCCCC\C=C/CCCCCCCC(=O)OC[C@]([H])(COP([O-])(=O)OCC[N+](C)(C)C)OC(=O)CCCCCCCCCCC\C=C/C\C=C/CCCCC,IHEXWEKEFCKFEL-UTIGHQPQSA-N,C46H86NO8P,812.1507,811.609105245
HMDB0008021,"PC(16:1(9Z)/22:4(7Z,10Z,13Z,16Z))",CCCCCC\C=C/CCCCCCCC(=O)OC[C@]([H])(COP([O-])(=O)OCC[N+](C)(C)C)OC(=O)CCCCC\C=C/C\C=C/C\C=C/C\C=C/CCCCC,XJISBSFDFOVVHI-QIOBQPIHSA-N,C46H82NO8P,808.1189,807.577805117
HMDB0008022,"PC(16:1(9Z)/22:5(4Z,7Z,10Z,13Z,16Z))",CCCCCC\C=C/CCCCCCCC(=O)OC[C@]([H])(COP([O-])(=O)OCC[N+](C)(C)C)OC(=O)CC\C=C/C\C=C/C\C=C/C\C=C/C\C=C/CCCCC,WCODZEYPAWOVBI-UMQSOSPQSA-N,C46H80NO8P,806.1031,805.562155053
HMDB0008024,"PC(16:1(9Z)/22:5(7Z,10Z,13Z,16Z,19Z))",CCCCCC\C=C/CCCCCCCC(=O)OC[C@]([H])(COP([O-])(=O)OCC[N+](C)(C)C)OC(=O)CCCCC\C=C/C\C=C/C\C=C/C\C=C/C\C=C/CC,WNHOGFDQJFYPDE-GBGUCBAQSA-N,C46H80NO8P,806.1031,805.562155053
HMDB0008028,PC(16:1(9Z)/P-18:0),CCCCCCCCCCCCCCCC\C=C/OC(COC(=O)CCCCCCC\C=C/CCCCCC)COP([O-])(=O)OCC[N+](C)(C)C,IHJLXDUOYHJZQE-IOGJYWBCSA-N,C42H82NO7P,744.0767,743.582890495
HMDB0008029,PC(16:1(9Z)/P-18:1(11Z)),CCCCCC\C=C/CCCCCCCC\C=C/OC(COC(=O)CCCCCCC\C=C/CCCCCC)COP([O-])(=O)OCC[N+](C)(C)C,ZFACUKICYTXONE-IWDZABBFSA-N,C42H80NO7P,742.0609,741.567240431
HMDB0008030,PC(16:1(9Z)/P-18:1(9Z)),CCCCCCCC\C=C/CCCCCC\C=C/OC(COC(=O)CCCCCCC\C=C/CCCCCC)COP([O-])(=O)OCC[N+](C)(C)C,UMCQOQMEDBTSBS-YJTQHARMSA-N,C42H80NO7P,742.0609,741.567240431
HMDB0008031,PC(18:0/14:0),[H][C@@](COC(=O)CCCCCCCCCCCCCCCCC)(COP([O-])(=O)OCC[N+](C)(C)C)OC(=O)CCCCCCCCCCCCC,MZWGYEJOZNRLQE-KXQOOQHDSA-N,C40H80NO8P,734.0389,733.562155053
HMDB0008035,PC(18:0/16:1(9Z)),CCCCCCCCCCCCCCCCCC(=O)OC[C@]([H])(COP([O-])(=O)OCC[N+](C)(C)C)OC(=O)CCCCCCC\C=C/CCCCCC,QRSPNOMDLRZDPG-QCFYSATCSA-N,C42H82NO8P,760.0761,759.577805117
HMDB0008037,PC(18:0/18:1(11Z)),CCCCCCCCCCCCCCCCCC(=O)OC[C@]([H])(COP([O-])(=O)OCC[N+](C)(C)C)OC(=O)CCCCCCCCC\C=C/CCCCCC,AEAMHDRXCYEOCU-HTDYWKJCSA-N,C44H86NO8P,788.1293,787.609105245
HMDB0008038,PC(18:0/18:1(9Z)),[H][C@@](COC(=O)CCCCCCCCCCCCCCCCC)(COP([O-])(=O)OCC[N+](C)(C)C)OC(=O)CCCCCCC\C=C/CCCCCCCC,ATHVAWFAEPLPPQ-VRDBWYNSSA-N,C44H86NO8P,788.1293,787.609105245
HMDB0008039,"PC(18:0/18:2(9Z,12Z))",CCCCCCCCCCCCCCCCCC(=O)OC[C@]([H])(COP([O-])(=O)OCC[N+](C)(C)C)OC(=O)CCCCCCC\C=C/C\C=C/CCCCC,FORFDCPQKJHEBF-VPUSDGANSA-N,C44H84NO8P,786.1134,785.593455181
HMDB0008040,"PC(18:0/18:3(6Z,9Z,12Z))",CCCCCCCCCCCCCCCCCC(=O)OC[C@]([H])(COP([O-])(=O)OCC[N+](C)(C)C)OC(=O)CCCC\C=C/C\C=C/C\C=C/CCCCC,KJVJKBRMUDGTKA-NZXQIXPOSA-N,C44H82NO8P,784.0975,783.577805117
HMDB0008041,"PC(18:0/18:3(9Z,12Z,15Z))",CCCCCCCCCCCCCCCCCC(=O)OC[C@]([H])(COP([O-])(=O)OCC[N+](C)(C)C)OC(=O)CCCCCCC\C=C/C\C=C/C\C=C/CC,WZCLAXMADUBPSG-RIXBAXMTSA-N,C44H82NO8P,784.0975,783.577805117
HMDB0008042,"PC(18:0/18:4(6Z,9Z,12Z,15Z))",CCCCCCCCCCCCCCCCCC(=O)OC[C@]([H])(COP([O-])(=O)OCC[N+](C)(C)C)OC(=O)CCCC\C=C/C\C=C/C\C=C/C\C=C/CC,MGIFJPVLDQAGPZ-ROBDCESFSA-N,C44H80NO8P,782.0817,781.562155053
HMDB0008046,"PC(18:0/20:3(5Z,8Z,11Z))",CCCCCCCCCCCCCCCCCC(=O)OC[C@]([H])(COP([O-])(=O)OCC[N+](C)(C)C)OC(=O)CCC\C=C/C\C=C/C\C=C/CCCCCCCC,QXDDDGCNWRUEFM-UMKMFDOBSA-N,C46H86NO8P,812.1507,811.609105245
HMDB0008047,"PC(18:0/20:3(8Z,11Z,14Z))",CCCCCCCCCCCCCCCCCC(=O)OC[C@]([H])(COP([O-])(=O)OCC[N+](C)(C)C)OC(=O)CCCCCC\C=C/C\C=C/C\C=C/CCCCC,VGSUMLIRUGDCTF-NSMRCOLJSA-N,C46H86NO8P,812.1507,811.609105245
HMDB0008048,"PC(18:0/20:4(5Z,8Z,11Z,14Z))",CCCCCCCCCCCCCCCCCC(=O)OC[C@]([H])(COP([O-])(=O)OCC[N+](C)(C)C)OC(=O)CCC\C=C/C\C=C/C\C=C/C\C=C/CCCCC,PSVRFUPOQYJOOZ-QNPWAGBNSA-N,C46H84NO8P,810.1348,809.593455181
HMDB0008049,"PC(18:0/20:4(8Z,11Z,14Z,17Z))",CCCCCCCCCCCCCCCCCC(=O)OC[C@]([H])(COP([O-])(=O)OCC[N+](C)(C)C)OC(=O)CCCCCC\C=C/C\C=C/C\C=C/C\C=C/CC,HAKKEJDMTIQLJH-UGKDIXSWSA-N,C46H84NO8P,810.1348,809.593455181
HMDB0008050,"PC(18:0/20:5(5Z,8Z,11Z,14Z,17Z))",CCCCCCCCCCCCCCCCCC(=O)OC[C@]([H])(COP([O-])(=O)OCC[N+](C)(C)C)OC(=O)CCC\C=C/C\C=C/C\C=C/C\C=C/C\C=C/CC,ZMNDHWFRGYCJKG-UQIQIHEKSA-N,C46H82NO8P,808.1189,807.577805117
HMDB0008059,PC(42:1),CCCCCCCCCCCCCCCCCC(=O)OC[C@]([H])(COP([O-])(=O)OCC[N+](C)(C)C)OC(=O)CCCCCCCCCCCCC\C=C/CCCCCCCC,PAHPUCKPYBHMBM-RURDTVAGSA-N,C50H98NO8P,872.2888,871.703005629
HMDB0008062,PC(18:0/P-18:1(11Z)),CCCCCCCCCCCCCCCCCC(=O)OCC(COP([O-])(=O)OCC[N+](C)(C)C)O\C=C/CCCCCCCC\C=C/CCCCCC,JREOXIRIVLLXMO-MWNCGOSWSA-N,C44H86NO7P,772.1299,771.614190623
HMDB0008063,PC(18:0/P-18:1(9Z)),CCCCCCCCCCCCCCCCCC(=O)OCC(COP([O-])(=O)OCC[N+](C)(C)C)O\C=C/CCCCCC\C=C/CCCCCCCC,WKBKYWULQUMFDH-DJRFHFPXSA-N,C44H86NO7P,772.1299,771.614190623
HMDB0008067,PC(18:1(11Z)/16:0),CCCCCCCCCCCCCCCC(=O)O[C@]([H])(COC(=O)CCCCCCCCC\C=C/CCCCCC)COP([O-])(=O)OCC[N+](C)(C)C,WPAONTMCEBPEAF-KWNHIAGJSA-N,C42H82NO8P,760.0761,759.577805117
HMDB0008068,PC(18:1(11Z)/16:1(9Z)),CCCCCC\C=C/CCCCCCCCCC(=O)OC[C@]([H])(COP([O-])(=O)OCC[N+](C)(C)C)OC(=O)CCCCCCC\C=C/CCCCCC,FDBAKEKHEMZAPT-JSLHZOBYSA-N,C42H80NO8P,758.0603,757.562155053
HMDB0008069,PC(18:1(11Z)/18:0),CCCCCCCCCCCCCCCCCC(=O)O[C@]([H])(COC(=O)CCCCCCCCC\C=C/CCCCCC)COP([O-])(=O)OCC[N+](C)(C)C,VSQJLPDEJFLZDH-ASXRIEHBSA-N,C44H86NO8P,788.1293,787.609105245
HMDB0008070,PC(18:1(11Z)/18:1(11Z)),[H][C@@](COC(=O)CCCCCCCCC\C=C/CCCCCC)(COP([O-])(=O)OCC[N+](C)(C)C)OC(=O)CCCCCCCCC\C=C/CCCCCC,XUCDYRWWRZBNCQ-BHOZFUPKSA-N,C44H84NO8P,786.1134,785.593455181
HMDB0008071,PC(18:1(11Z)/18:1(9Z)),CCCCCCCC\C=C/CCCCCCCC(=O)O[C@]([H])(COC(=O)CCCCCCCCC\C=C/CCCCCC)COP([O-])(=O)OCC[N+](C)(C)C,FOECFSINPHCSNE-IYXNDCFRSA-N,C44H84NO8P,786.1134,785.593455181
HMDB0008072,"PC(18:1(11Z)/18:2(9Z,12Z))",CCCCCC\C=C/CCCCCCCCCC(=O)OC[C@]([H])(COP([O-])(=O)OCC[N+](C)(C)C)OC(=O)CCCCCCC\C=C/C\C=C/CCCCC,YBNAKFLXDDROCX-YGRWKTHCSA-N,C44H82NO8P,784.0975,783.577805117
HMDB0008073,"PC(18:1(11Z)/18:3(6Z,9Z,12Z))",CCCCCC\C=C/CCCCCCCCCC(=O)OC[C@]([H])(COP([O-])(=O)OCC[N+](C)(C)C)OC(=O)CCCC\C=C/C\C=C/C\C=C/CCCCC,MRRFMOUCAPXWJC-SSCJOAGESA-N,C44H80NO8P,782.0817,781.562155053
HMDB0008074,"PC(18:1(11Z)/18:3(9Z,12Z,15Z))",CCCCCC\C=C/CCCCCCCCCC(=O)OC[C@]([H])(COP([O-])(=O)OCC[N+](C)(C)C)OC(=O)CCCCCCC\C=C/C\C=C/C\C=C/CC,DPEYXLDDNACOGV-ANVMUZGGSA-N,C44H80NO8P,782.0817,781.562155053
HMDB0008075,"PC(18:1(11Z)/18:4(6Z,9Z,12Z,15Z))",CCCCCC\C=C/CCCCCCCCCC(=O)OC[C@]([H])(COP([O-])(=O)OCC[N+](C)(C)C)OC(=O)CCCC\C=C/C\C=C/C\C=C/C\C=C/CC,QAMLWHXIPWZMCT-WXVJBZSZSA-N,C44H78NO8P,780.0658,779.546504989
HMDB0008078,"PC(18:1(11Z)/20:2(11Z,14Z))",CCCCCC\C=C/CCCCCCCCCC(=O)OC[C@]([H])(COP([O-])(=O)OCC[N+](C)(C)C)OC(=O)CCCCCCCCC\C=C/C\C=C/CCCCC,MLMXSUWPTPCRLG-HYYWERRFSA-N,C46H86NO8P,812.1507,811.609105245
HMDB0008079,"PC(18:1(11Z)/20:3(5Z,8Z,11Z))",CCCCCCCC\C=C/C\C=C/C\C=C/CCCC(=O)O[C@]([H])(COC(=O)CCCCCCCCC\C=C/CCCCCC)COP([O-])(=O)OCC[N+](C)(C)C,GUKWLDDRYZDHHJ-QQZUSIKJSA-N,C46H84NO8P,810.1348,809.593455181
HMDB0008080,"PC(18:1(11Z)/20:3(8Z,11Z,14Z))",CCCCCC\C=C/CCCCCCCCCC(=O)OC[C@]([H])(COP([O-])(=O)OCC[N+](C)(C)C)OC(=O)CCCCCC\C=C/C\C=C/C\C=C/CCCCC,ILTMNYOFBVFSJD-NIUYMHGESA-N,C46H84NO8P,810.1348,809.593455181
HMDB0008081,"PC(18:1(11Z)/20:4(5Z,8Z,11Z,14Z))",CCCCCC\C=C/CCCCCCCCCC(=O)OC[C@]([H])(COP([O-])(=O)OCC[N+](C)(C)C)OC(=O)CCC\C=C/C\C=C/C\C=C/C\C=C/CCCCC,BHFJAGXKWFRMSK-ZUSAGPHLSA-N,C46H82NO8P,808.1189,807.577805117
HMDB0008082,"PC(18:1(11Z)/20:4(8Z,11Z,14Z,17Z))",CCCCCC\C=C/CCCCCCCCCC(=O)OC[C@]([H])(COP([O-])(=O)OCC[N+](C)(C)C)OC(=O)CCCCCC\C=C/C\C=C/C\C=C/C\C=C/CC,JZIYIXOCSAGFBB-OYQODMOWSA-N,C46H82NO8P,808.1189,807.577805117
HMDB0008083,"PC(18:1(11Z)/20:5(5Z,8Z,11Z,14Z,17Z))",CCCCCC\C=C/CCCCCCCCCC(=O)OC[C@]([H])(COP([O-])(=O)OCC[N+](C)(C)C)OC(=O)CCC\C=C/C\C=C/C\C=C/C\C=C/C\C=C/CC,BLXFIBZJVTVAKI-BLPZMAMRSA-N,C46H80NO8P,806.1031,805.562155053
HMDB0008091,PC(18:1(11Z)/24:0),CCCCCCCCCCCCCCCCCCCCCCCC(=O)O[C@]([H])(COC(=O)CCCCCCCCC\C=C/CCCCCC)COP([O-])(=O)OCC[N+](C)(C)C,FPXADVQYVJYLOJ-IOVWWOAPSA-N,C50H98NO8P,872.2888,871.703005629
HMDB0008092,PC(42:2),CCCCCCCC\C=C/CCCCCCCCCCCCCC(=O)O[C@]([H])(COC(=O)CCCCCCCCC\C=C/CCCCCC)COP([O-])(=O)OCC[N+](C)(C)C,PRNSLAVQZUIWHD-PRTODFFFSA-N,C50H96NO8P,870.2729,869.687355565
HMDB0008093,PC(18:1(11Z)/P-16:0),CCCCCCCCCCCCCC\C=C/OC(COC(=O)CCCCCCCCC\C=C/CCCCCC)COP([O-])(=O)OCC[N+](C)(C)C,QZDZCTPKRWPFFS-RTVLTNFHSA-N,C42H82NO7P,744.0767,743.582890495
HMDB0008094,PC(18:1(11Z)/P-18:0),CCCCCCCCCCCCCCCC\C=C/OC(COC(=O)CCCCCCCCC\C=C/CCCCCC)COP([O-])(=O)OCC[N+](C)(C)C,FDNRZRXSENYWER-JTLDGTJHSA-N,C44H86NO7P,772.1299,771.614190623
HMDB0008095,PC(18:1(11Z)/P-18:1(11Z)),CCCCCC\C=C/CCCCCCCCCC(=O)OCC(COP([O-])(=O)OCC[N+](C)(C)C)O\C=C/CCCCCCCC\C=C/CCCCCC,STUDWKIRLPDNHV-RIWLRQSZSA-N,C44H84NO7P,770.114,769.598540559
HMDB0008096,PC(18:1(11Z)/P-18:1(9Z)),CCCCCCCC\C=C/CCCCCC\C=C/OC(COC(=O)CCCCCCCCC\C=C/CCCCCC)COP([O-])(=O)OCC[N+](C)(C)C,JAVZDEIBGKQDCN-VRKRHMBPSA-N,C44H84NO7P,770.114,769.598540559
HMDB0008100,PC(18:1(9Z)/16:0),CCCCCCCCCCCCCCCC(=O)O[C@]([H])(COC(=O)CCCCCCC\C=C/CCCCCCCC)COP([O-])(=O)OCC[N+](C)(C)C,RRVPPYNAZJRZFR-VYOBOKEXSA-N,C42H82NO8P,760.0761,759.577805117
HMDB0008101,PC(18:1(9Z)/16:1(9Z)),CCCCCCCC\C=C/CCCCCCCC(=O)OC[C@]([H])(COP([O-])(=O)OCC[N+](C)(C)C)OC(=O)CCCCCCC\C=C/CCCCCC,QJZAWHQVXYMEQR-RWGOWQMXSA-N,C42H80NO8P,758.0603,757.562155053
HMDB0008102,PC(18:1(9Z)/18:0),CCCCCCCCCCCCCCCCCC(=O)O[C@]([H])(COC(=O)CCCCCCC\C=C/CCCCCCCC)COP([O-])(=O)OCC[N+](C)(C)C,NMJCSTNQFYPVOR-VHONOUADSA-N,C44H86NO8P,788.1293,787.609105245
HMDB0008103,PC(18:1(9Z)/18:1(11Z)),CCCCCCCC\C=C/CCCCCCCC(=O)OC[C@]([H])(COP([O-])(=O)OCC[N+](C)(C)C)OC(=O)CCCCCCCCC\C=C/CCCCCC,GMCZAOACLPIWHN-VZDDXLEPSA-N,C44H84NO8P,786.1134,785.593455181
HMDB0008105,"PC(18:1(9Z)/18:2(9Z,12Z))",CCCCCCCC\C=C/CCCCCCCC(=O)OC[C@]([H])(COP([O-])(=O)OCC[N+](C)(C)C)OC(=O)CCCCCCC\C=C/C\C=C/CCCCC,GDWULUGDXGHJIJ-VJHNMZKJSA-N,C44H82NO8P,784.0975,783.577805117
HMDB0008106,"PC(18:1(9Z)/18:3(6Z,9Z,12Z))",CCCCCCCC\C=C/CCCCCCCC(=O)OC[C@]([H])(COP([O-])(=O)OCC[N+](C)(C)C)OC(=O)CCCC\C=C/C\C=C/C\C=C/CCCCC,KATPUHPZOZWFBR-ZBFGQIGBSA-N,C44H80NO8P,782.0817,781.562155053
HMDB0008107,"PC(18:1(9Z)/18:3(9Z,12Z,15Z))",CCCCCCCC\C=C/CCCCCCCC(=O)OC[C@]([H])(COP([O-])(=O)OCC[N+](C)(C)C)OC(=O)CCCCCCC\C=C/C\C=C/C\C=C/CC,FVQGNFUBHWGFCY-HJOYQDMMSA-N,C44H80NO8P,782.0817,781.562155053
HMDB0008108,"PC(18:1(9Z)/18:4(6Z,9Z,12Z,15Z))",[H][C@@](COC(=O)CCCCCCC\C=C/CCCCCCCC)(COP([O-])(=O)OCC[N+](C)(C)C)OC(=O)CCCC\C=C/C\C=C/C\C=C/C\C=C/CC,VTBLOCMXAXXMCO-ITFWVWPTSA-N,C44H78NO8P,780.0658,779.546504989
HMDB0008111,"PC(18:1(9Z)/20:2(11Z,14Z))",CCCCCCCC\C=C/CCCCCCCC(=O)OC[C@]([H])(COP([O-])(=O)OCC[N+](C)(C)C)OC(=O)CCCCCCCCC\C=C/C\C=C/CCCCC,MGYXVNKVMWUCEN-UETRTARBSA-N,C46H86NO8P,812.1507,811.609105245
HMDB0008112,"PC(18:1(9Z)/20:3(5Z,8Z,11Z))",CCCCCCCC\C=C/CCCCCCCC(=O)OC[C@]([H])(COP([O-])(=O)OCC[N+](C)(C)C)OC(=O)CCC\C=C/C\C=C/C\C=C/CCCCCCCC,APIPSPZJMLSCBO-NRTPYZNRSA-N,C46H84NO8P,810.1348,809.593455181
HMDB0008113,"PC(18:1(9Z)/20:3(8Z,11Z,14Z))",CCCCCCCC\C=C/CCCCCCCC(=O)OC[C@]([H])(COP([O-])(=O)OCC[N+](C)(C)C)OC(=O)CCCCCC\C=C/C\C=C/C\C=C/CCCCC,HLJHXSCXSDXLNW-OHDHZNPQSA-N,C46H84NO8P,810.1348,809.593455181
HMDB0008114,"PC(18:1(9Z)/20:4(5Z,8Z,11Z,14Z))",CCCCCCCC\C=C/CCCCCCCC(=O)OC[C@]([H])(COP([O-])(=O)OCC[N+](C)(C)C)OC(=O)CCC\C=C/C\C=C/C\C=C/C\C=C/CCCCC,ZAYXPDDGEIJGGW-VSDNDEBUSA-N,C46H82NO8P,808.1189,807.577805117
HMDB0008115,"PC(18:1(9Z)/20:4(8Z,11Z,14Z,17Z))",CCCCCCCC\C=C/CCCCCCCC(=O)OC[C@]([H])(COP([O-])(=O)OCC[N+](C)(C)C)OC(=O)CCCCCC\C=C/C\C=C/C\C=C/C\C=C/CC,SWOKEJBWARJLGN-ORKYUJCWSA-N,C46H82NO8P,808.1189,807.577805117
HMDB0008116,"PC(18:1(9Z)/20:5(5Z,8Z,11Z,14Z,17Z))",CCCCCCCC\C=C/CCCCCCCC(=O)OC[C@]([H])(COP([O-])(=O)OCC[N+](C)(C)C)OC(=O)CCC\C=C/C\C=C/C\C=C/C\C=C/C\C=C/CC,PAQLDAUPMINLDS-UTNJSSBTSA-N,C46H80NO8P,806.1031,805.562155053
HMDB0008124,PC(18:1(9Z)/24:0),CCCCCCCCCCCCCCCCCCCCCCCC(=O)O[C@]([H])(COC(=O)CCCCCCC\C=C/CCCCCCCC)COP([O-])(=O)OCC[N+](C)(C)C,FOWWMXZTRWYEGK-FQUFUIAJSA-N,C50H98NO8P,872.2888,871.703005629
HMDB0008125,PC(18:1(9Z)/24:1(15Z)),CCCCCCCC\C=C/CCCCCCCCCCCCCC(=O)O[C@]([H])(COC(=O)CCCCCCC\C=C/CCCCCCCC)COP([O-])(=O)OCC[N+](C)(C)C,VTFFKKZKTDVMKI-JXSZFMCPSA-N,C50H96NO8P,870.2729,869.687355565
HMDB0008126,PC(18:1(9Z)/P-16:0),CCCCCCCCCCCCCC\C=C/OC(COC(=O)CCCCCCC\C=C/CCCCCCCC)COP([O-])(=O)OCC[N+](C)(C)C,FQVFGIZCMMQDNV-NQQLFREJSA-N,C42H82NO7P,744.0767,743.582890495
HMDB0008127,PC(18:1(9Z)/P-18:0),CCCCCCCCCCCCCCCC\C=C/OC(COC(=O)CCCCCCC\C=C/CCCCCCCC)COP([O-])(=O)OCC[N+](C)(C)C,HTJGKEVKFGCWNR-DVBGXPIKSA-N,C44H86NO7P,772.1299,771.614190623
HMDB0008128,PC(18:1(9Z)/P-18:1(11Z)),CCCCCCCC\C=C/CCCCCCCC(=O)OCC(COP([O-])(=O)OCC[N+](C)(C)C)O\C=C/CCCCCCCC\C=C/CCCCCC,AXIKTMZHHMNCSC-XDEIMXHKSA-N,C44H84NO7P,770.114,769.598540559
HMDB0008129,PC(18:1(9Z)/P-18:1(9Z)),CCCCCCCC\C=C/CCCCCCCC(=O)OCC(COP([O-])(=O)OCC[N+](C)(C)C)O\C=C/CCCCCC\C=C/CCCCCCCC,BNLANPMAYYCMLY-LCXZALMSSA-N,C44H84NO7P,770.114,769.598540559
HMDB0008133,"PC(18:2(9Z,12Z)/16:0)",CCCCCCCCCCCCCCCC(=O)O[C@]([H])(COC(=O)CCCCCCC\C=C/C\C=C/CCCCC)COP([O-])(=O)OCC[N+](C)(C)C,FWMYJLDHIVCJCT-ZTIMHPMXSA-N,C42H80NO8P,758.0603,757.562155053
HMDB0008134,"PC(18:2(9Z,12Z)/16:1(9Z))",CCCCCC\C=C/CCCCCCCC(=O)O[C@]([H])(COC(=O)CCCCCCC\C=C/C\C=C/CCCCC)COP([O-])(=O)OCC[N+](C)(C)C,PPCVNZFMCABQCL-KXESGEQTSA-N,C42H78NO8P,756.0444,755.546504989
HMDB0008135,"PC(18:2(9Z,12Z)/18:0)",CCCCCCCCCCCCCCCCCC(=O)O[C@]([H])(COC(=O)CCCCCCC\C=C/C\C=C/CCCCC)COP([O-])(=O)OCC[N+](C)(C)C,DZPKSVTWWIZUMS-FPUNCOTOSA-N,C44H84NO8P,786.1134,785.593455181
HMDB0008136,"PC(18:2(9Z,12Z)/18:1(11Z))",CCCCCC\C=C/CCCCCCCCCC(=O)O[C@]([H])(COC(=O)CCCCCCC\C=C/C\C=C/CCCCC)COP([O-])(=O)OCC[N+](C)(C)C,YPAZQMWFRMHBBM-CLKMJQEKSA-N,C44H82NO8P,784.0975,783.577805117
HMDB0008137,"PC(18:2(9Z,12Z)/18:1(9Z))",CCCCCCCC\C=C/CCCCCCCC(=O)O[C@]([H])(COC(=O)CCCCCCC\C=C/C\C=C/CCCCC)COP([O-])(=O)OCC[N+](C)(C)C,RTAZWRZKFSTMOY-NMSVECGZSA-N,C44H82NO8P,784.0975,783.577805117
HMDB0008138,"PC(18:2(9Z,12Z)/18:2(9Z,12Z))",CCCCC\C=C/C\C=C/CCCCCCCC(=O)OC[C@]([H])(COP([O-])(=O)OCC[N+](C)(C)C)OC(=O)CCCCCCC\C=C/C\C=C/CCCCC,FVXDQWZBHIXIEJ-LNDKUQBDSA-N,C44H80NO8P,782.0817,781.562155053
HMDB0008139,"PC(18:2(9Z,12Z)/20:3(5Z,8Z,11Z))",CCCCCCCC\C=C/C\C=C/C\C=C/CCCC(=O)O[C@]([H])(COC(=O)CCCCCCC\C=C/C\C=C/CCCCC)COP([O-])(=O)OCC[N+](C)(C)C,DCJXJVWGBOCAHZ-UZVREBQPSA-N,C46H82NO8P,808.1189,807.577805117
HMDB0008140,"PC(18:2(9Z,12Z)/18:3(6Z,9Z,12Z))",CCCCC\C=C/C\C=C/CCCCCCCC(=O)OC[C@]([H])(COP([O-])(=O)OCC[N+](C)(C)C)OC(=O)CCCC\C=C/C\C=C/C\C=C/CCCCC,ZYUVFKWRZDKQNL-YHOYFWGCSA-N,C44H78NO8P,780.0658,779.546504989
HMDB0008141,"PC(18:2(9Z,12Z)/18:3(9Z,12Z,15Z))",CCCCC\C=C/C\C=C/CCCCCCCC(=O)OC[C@]([H])(COP([O-])(=O)OCC[N+](C)(C)C)OC(=O)CCCCCCC\C=C/C\C=C/C\C=C/CC,HZGAVPNEGHQJID-UNBCHYIMSA-N,C44H78NO8P,780.0658,779.546504989
HMDB0008144,"PC(18:2(9Z,12Z)/20:1(11Z))",CCCCCCCC\C=C/CCCCCCCCCC(=O)O[C@]([H])(COC(=O)CCCCCCC\C=C/C\C=C/CCCCC)COP([O-])(=O)OCC[N+](C)(C)C,OJHJKEBRZSDTTL-VHWCKNCUSA-N,C46H86NO8P,812.1507,811.609105245
HMDB0008145,"PC(18:2(9Z,12Z)/20:2(11Z,14Z))",CCCCC\C=C/C\C=C/CCCCCCCCCC(=O)O[C@]([H])(COC(=O)CCCCCCC\C=C/C\C=C/CCCCC)COP([O-])(=O)OCC[N+](C)(C)C,ORELBRKCYWQHTL-JEHIXBSSSA-N,C46H84NO8P,810.1348,809.593455181
HMDB0008146,"PC(18:2(9Z,12Z)/20:3(8Z,11Z,14Z))",CCCCC\C=C/C\C=C/CCCCCCCC(=O)OC[C@]([H])(COP([O-])(=O)OCC[N+](C)(C)C)OC(=O)CCCCCC\C=C/C\C=C/C\C=C/CCCCC,SMIXWIPQRZURJV-GMLOEBGYSA-N,C46H82NO8P,808.1189,807.577805117
HMDB0008147,"PC(18:2(9Z,12Z)/20:4(5Z,8Z,11Z,14Z))",CCCCC\C=C/C\C=C/CCCCCCCC(=O)OC[C@]([H])(COP([O-])(=O)OCC[N+](C)(C)C)OC(=O)CCC\C=C/C\C=C/C\C=C/C\C=C/CCCCC,ZZSZQATYGVHNLZ-PUMLCSCDSA-N,C46H80NO8P,806.1031,805.562155053
HMDB0008148,"PC(18:2(9Z,12Z)/20:4(8Z,11Z,14Z,17Z))",CCCCC\C=C/C\C=C/CCCCCCCC(=O)OC[C@]([H])(COP([O-])(=O)OCC[N+](C)(C)C)OC(=O)CCCCCC\C=C/C\C=C/C\C=C/C\C=C/CC,RUHBZJXWUDKAMZ-XXAGCNFXSA-N,C46H80NO8P,806.1031,805.562155053
HMDB0008157,"PC(18:2(9Z,12Z)/24:0)",CCCCCCCCCCCCCCCCCCCCCCCC(=O)O[C@]([H])(COC(=O)CCCCCCC\C=C/C\C=C/CCCCC)COP([O-])(=O)OCC[N+](C)(C)C,INOAKRDQRDGXPN-WPYVRAPFSA-N,C50H96NO8P,870.2729,869.687355565
HMDB0008159,"PC(18:2(9Z,12Z)/P-16:0)",CCCCCCCCCCCCCC\C=C/OC(COC(=O)CCCCCCC\C=C/C\C=C/CCCCC)COP([O-])(=O)OCC[N+](C)(C)C,CQSFBGMPNOVJCB-QIDPJIOXSA-N,C42H80NO7P,742.0609,741.567240431
HMDB0008160,"PC(18:2(9Z,12Z)/P-18:0)",CCCCCCCCCCCCCCCC\C=C/OC(COC(=O)CCCCCCC\C=C/C\C=C/CCCCC)COP([O-])(=O)OCC[N+](C)(C)C,PUXCZIPCPIAUQI-MXZMOBGESA-N,C44H84NO7P,770.114,769.598540559
HMDB0008161,"PC(18:2(9Z,12Z)/P-18:1(11Z))",CCCCCC\C=C/CCCCCCCC\C=C/OC(COC(=O)CCCCCCC\C=C/C\C=C/CCCCC)COP([O-])(=O)OCC[N+](C)(C)C,ZBSQZEUBNKZCLS-JWWHMUFISA-N,C44H82NO7P,768.0981,767.582890495
HMDB0008162,"PC(18:2(9Z,12Z)/P-18:1(9Z))",CCCCCCCC\C=C/CCCCCC\C=C/OC(COC(=O)CCCCCCC\C=C/C\C=C/CCCCC)COP([O-])(=O)OCC[N+](C)(C)C,FEFYKLQDFZXIQW-ATJXVOTKSA-N,C44H82NO7P,768.0981,767.582890495
HMDB0008166,"PC(18:3(6Z,9Z,12Z)/16:0)",CCCCCCCCCCCCCCCC(=O)O[C@]([H])(COC(=O)CCCC\C=C/C\C=C/C\C=C/CCCCC)COP([O-])(=O)OCC[N+](C)(C)C,MXPOYZQNXGPEDV-REAAISNBSA-N,C42H78NO8P,756.0444,755.546504989
HMDB0008168,"PC(18:3(6Z,9Z,12Z)/18:0)",CCCCCCCCCCCCCCCCCC(=O)O[C@]([H])(COC(=O)CCCC\C=C/C\C=C/C\C=C/CCCCC)COP([O-])(=O)OCC[N+](C)(C)C,HOOCTPAZCNJQPX-OJKLBMRPSA-N,C44H82NO8P,784.0975,783.577805117
HMDB0008169,"PC(18:3(6Z,9Z,12Z)/18:1(11Z))",CCCCCC\C=C/CCCCCCCCCC(=O)O[C@]([H])(COC(=O)CCCC\C=C/C\C=C/C\C=C/CCCCC)COP([O-])(=O)OCC[N+](C)(C)C,FSIVQVROUQUYAU-ODKKILQESA-N,C44H80NO8P,782.0817,781.562155053
HMDB0008170,"PC(18:3(6Z,9Z,12Z)/18:1(9Z))",CCCCCCCC\C=C/CCCCCCCC(=O)O[C@]([H])(COC(=O)CCCC\C=C/C\C=C/C\C=C/CCCCC)COP([O-])(=O)OCC[N+](C)(C)C,NKQPOVROGSWLTO-NVPMBMBWSA-N,C44H80NO8P,782.0817,781.562155053
HMDB0008171,"PC(18:3(6Z,9Z,12Z)/18:2(9Z,12Z))",CCCCC\C=C/C\C=C/CCCCCCCC(=O)O[C@]([H])(COC(=O)CCCC\C=C/C\C=C/C\C=C/CCCCC)COP([O-])(=O)OCC[N+](C)(C)C,HBJOLTVTFPGCMX-XXDURKHJSA-N,C44H78NO8P,780.0658,779.546504989
HMDB0008175,"PC(18:3(6Z,9Z,12Z)/20:0)",CCCCCCCCCCCCCCCCCCCC(=O)O[C@]([H])(COC(=O)CCCC\C=C/C\C=C/C\C=C/CCCCC)COP([O-])(=O)OCC[N+](C)(C)C,ZVIYLLGWTBXCIL-VNXCBJMSSA-N,C46H86NO8P,812.1507,811.609105245
HMDB0008176,"PC(18:3(6Z,9Z,12Z)/20:1(11Z))",CCCCCCCC\C=C/CCCCCCCCCC(=O)O[C@]([H])(COC(=O)CCCC\C=C/C\C=C/C\C=C/CCCCC)COP([O-])(=O)OCC[N+](C)(C)C,SVOGSAQWUMDSCM-OJCVPQOYSA-N,C46H84NO8P,810.1348,809.593455181
HMDB0008177,"PC(18:3(6Z,9Z,12Z)/20:2(11Z,14Z))",CCCCC\C=C/C\C=C/CCCCCCCCCC(=O)O[C@]([H])(COC(=O)CCCC\C=C/C\C=C/C\C=C/CCCCC)COP([O-])(=O)OCC[N+](C)(C)C,JEEMMQUVRFTVSG-AZITXYQXSA-N,C46H82NO8P,808.1189,807.577805117
HMDB0008178,"PC(18:3(6Z,9Z,12Z)/20:3(5Z,8Z,11Z))",CCCCCCCC\C=C/C\C=C/C\C=C/CCCC(=O)O[C@]([H])(COC(=O)CCCC\C=C/C\C=C/C\C=C/CCCCC)COP([O-])(=O)OCC[N+](C)(C)C,ZHAKGAMMEBQJPE-VLILCDILSA-N,C46H80NO8P,806.1031,805.562155053
HMDB0008179,"PC(18:3(6Z,9Z,12Z)/20:3(8Z,11Z,14Z))",CCCCC\C=C/C\C=C/C\C=C/CCCCCCC(=O)O[C@]([H])(COC(=O)CCCC\C=C/C\C=C/C\C=C/CCCCC)COP([O-])(=O)OCC[N+](C)(C)C,AHOMSZWEDIDNLL-SVXFTSFPSA-N,C46H80NO8P,806.1031,805.562155053
HMDB0008191,PC(42:4),CCCCCCCC\C=C/CCCCCCCCCCCCCC(=O)O[C@]([H])(COC(=O)CCCC\C=C/C\C=C/C\C=C/CCCCC)COP([O-])(=O)OCC[N+](C)(C)C,LQQRQYIGEYFSIG-UWESVXFQSA-N,C50H92NO8P,866.2411,865.656055437
HMDB0008192,"PC(18:3(6Z,9Z,12Z)/P-16:0)",CCCCCCCCCCCCCC\C=C/OC(COC(=O)CCCC\C=C/C\C=C/C\C=C/CCCCC)COP([O-])(=O)OCC[N+](C)(C)C,XRJDZRCUSSFZDP-LHKYHRLFSA-N,C42H78NO7P,740.045,739.551590367
HMDB0008193,"PC(18:3(6Z,9Z,12Z)/P-18:0)",CCCCCCCCCCCCCCCC\C=C/OC(COC(=O)CCCC\C=C/C\C=C/C\C=C/CCCCC)COP([O-])(=O)OCC[N+](C)(C)C,JDCBGIJVCHLVEY-QGDGKIETSA-N,C44H82NO7P,768.0981,767.582890495
HMDB0008194,"PC(18:3(6Z,9Z,12Z)/P-18:1(11Z))",CCCCCC\C=C/CCCCCCCC\C=C/OC(COC(=O)CCCC\C=C/C\C=C/C\C=C/CCCCC)COP([O-])(=O)OCC[N+](C)(C)C,FSIYZOTWZBSNRL-HWGQMOSASA-N,C44H80NO7P,766.0823,765.567240431
HMDB0008195,"PC(18:3(6Z,9Z,12Z)/P-18:1(9Z))",CCCCCCCC\C=C/CCCCCC\C=C/OC(COC(=O)CCCC\C=C/C\C=C/C\C=C/CCCCC)COP([O-])(=O)OCC[N+](C)(C)C,KNUHCOXKVDQBIW-UPRXZTSASA-N,C44H80NO7P,766.0823,765.567240431
HMDB0008199,"PC(18:3(9Z,12Z,15Z)/16:0)",CCCCCCCCCCCCCCCC(=O)O[C@]([H])(COC(=O)CCCCCCC\C=C/C\C=C/C\C=C/CC)COP([O-])(=O)OCC[N+](C)(C)C,RAPKGPDUGWBPHR-QWFQJEORSA-N,C42H78NO8P,756.0444,755.546504989
HMDB0008201,"PC(18:3(9Z,12Z,15Z)/18:0)",CCCCCCCCCCCCCCCCCC(=O)O[C@]([H])(COC(=O)CCCCCCC\C=C/C\C=C/C\C=C/CC)COP([O-])(=O)OCC[N+](C)(C)C,QAVRIJZWHPNXBW-BHLPDSGJSA-N,C44H82NO8P,784.0975,783.577805117
HMDB0008202,"PC(18:3(9Z,12Z,15Z)/18:1(11Z))",CCCCCC\C=C/CCCCCCCCCC(=O)O[C@]([H])(COC(=O)CCCCCCC\C=C/C\C=C/C\C=C/CC)COP([O-])(=O)OCC[N+](C)(C)C,AHEPKIJTHGCAOA-KEPRVZTLSA-N,C44H80NO8P,782.0817,781.562155053
HMDB0008203,"PC(18:3(9Z,12Z,15Z)/18:1(9Z))",CCCCCCCC\C=C/CCCCCCCC(=O)O[C@]([H])(COC(=O)CCCCCCC\C=C/C\C=C/C\C=C/CC)COP([O-])(=O)OCC[N+](C)(C)C,LPDGUCIMNBNWEJ-BXZVQSHESA-N,C44H80NO8P,782.0817,781.562155053
HMDB0008204,"PC(18:3(9Z,12Z,15Z)/18:2(9Z,12Z))",CCCCC\C=C/C\C=C/CCCCCCCC(=O)O[C@]([H])(COC(=O)CCCCCCC\C=C/C\C=C/C\C=C/CC)COP([O-])(=O)OCC[N+](C)(C)C,QFDYIDGUKXRPKH-VSLGLSMXSA-N,C44H78NO8P,780.0658,779.546504989
HMDB0008208,"PC(18:3(9Z,12Z,15Z)/20:0)",CCCCCCCCCCCCCCCCCCCC(=O)O[C@]([H])(COC(=O)CCCCCCC\C=C/C\C=C/C\C=C/CC)COP([O-])(=O)OCC[N+](C)(C)C,CFHMUBPSPSTZCR-LITWNLNFSA-N,C46H86NO8P,812.1507,811.609105245
HMDB0008209,"PC(18:3(9Z,12Z,15Z)/20:1(11Z))",CCCCCCCC\C=C/CCCCCCCCCC(=O)O[C@]([H])(COC(=O)CCCCCCC\C=C/C\C=C/C\C=C/CC)COP([O-])(=O)OCC[N+](C)(C)C,WAZYDHAWJWFGBD-LMJTUUMUSA-N,C46H84NO8P,810.1348,809.593455181
HMDB0008210,"PC(18:3(9Z,12Z,15Z)/20:2(11Z,14Z))",CCCCC\C=C/C\C=C/CCCCCCCCCC(=O)O[C@]([H])(COC(=O)CCCCCCC\C=C/C\C=C/C\C=C/CC)COP([O-])(=O)OCC[N+](C)(C)C,WQYONUAQJUQROT-HTEBOPLQSA-N,C46H82NO8P,808.1189,807.577805117
HMDB0008211,"PC(18:3(9Z,12Z,15Z)/20:3(5Z,8Z,11Z))",CCCCCCCC\C=C/C\C=C/C\C=C/CCCC(=O)O[C@]([H])(COC(=O)CCCCCCC\C=C/C\C=C/C\C=C/CC)COP([O-])(=O)OCC[N+](C)(C)C,STOQKWQLRLMJRQ-MAGOUTJKSA-N,C46H80NO8P,806.1031,805.562155053
HMDB0008212,"PC(18:3(9Z,12Z,15Z)/20:3(8Z,11Z,14Z))",CCCCC\C=C/C\C=C/C\C=C/CCCCCCC(=O)O[C@]([H])(COC(=O)CCCCCCC\C=C/C\C=C/C\C=C/CC)COP([O-])(=O)OCC[N+](C)(C)C,WZLXKZRHVGVNTE-NYMMKBANSA-N,C46H80NO8P,806.1031,805.562155053
HMDB0008224,"PC(18:3(9Z,12Z,15Z)/24:1(15Z))",CCCCCCCC\C=C/CCCCCCCCCCCCCC(=O)O[C@]([H])(COC(=O)CCCCCCC\C=C/C\C=C/C\C=C/CC)COP([O-])(=O)OCC[N+](C)(C)C,TWBJVLQZDLTKLG-XRNMTXJFSA-N,C50H92NO8P,866.2411,865.656055437
HMDB0008225,"PC(18:3(9Z,12Z,15Z)/P-16:0)",CCCCCCCCCCCCCC\C=C/OC(COC(=O)CCCCCCC\C=C/C\C=C/C\C=C/CC)COP([O-])(=O)OCC[N+](C)(C)C,YPDGITFWYDXHDP-WYPAQUOOSA-N,C42H78NO7P,740.045,739.551590367
HMDB0008226,"PC(18:3(9Z,12Z,15Z)/P-18:0)",CCCCCCCCCCCCCCCC\C=C/OC(COC(=O)CCCCCCC\C=C/C\C=C/C\C=C/CC)COP([O-])(=O)OCC[N+](C)(C)C,SVYSTFPSOJUEFY-FINMKEMFSA-N,C44H82NO7P,768.0981,767.582890495
HMDB0008227,"PC(18:3(9Z,12Z,15Z)/P-18:1(11Z))",CCCCCC\C=C/CCCCCCCC\C=C/OC(COC(=O)CCCCCCC\C=C/C\C=C/C\C=C/CC)COP([O-])(=O)OCC[N+](C)(C)C,FLBWPWFVTIYWQD-ZXWSQSGJSA-N,C44H80NO7P,766.0823,765.567240431
HMDB0008228,"PC(18:3(9Z,12Z,15Z)/P-18:1(9Z))",CCCCCCCC\C=C/CCCCCC\C=C/OC(COC(=O)CCCCCCC\C=C/C\C=C/C\C=C/CC)COP([O-])(=O)OCC[N+](C)(C)C,VKZKYJFORUZUEF-IEHHMJAHSA-N,C44H80NO7P,766.0823,765.567240431
HMDB0008234,"PC(18:4(6Z,9Z,12Z,15Z)/18:0)",CCCCCCCCCCCCCCCCCC(=O)O[C@]([H])(COC(=O)CCCC\C=C/C\C=C/C\C=C/C\C=C/CC)COP([O-])(=O)OCC[N+](C)(C)C,MGPSPRHJNJDBJK-TXLPWOKVSA-N,C44H80NO8P,782.0817,781.562155053
HMDB0008235,"PC(18:4(6Z,9Z,12Z,15Z)/18:1(11Z))",CCCCCC\C=C/CCCCCCCCCC(=O)O[C@]([H])(COC(=O)CCCC\C=C/C\C=C/C\C=C/C\C=C/CC)COP([O-])(=O)OCC[N+](C)(C)C,QOXYZMOODLXNGF-DEURNQBTSA-N,C44H78NO8P,780.0658,779.546504989
HMDB0008236,"PC(18:4(6Z,9Z,12Z,15Z)/18:1(9Z))",CCCCCCCC\C=C/CCCCCCCC(=O)O[C@]([H])(COC(=O)CCCC\C=C/C\C=C/C\C=C/C\C=C/CC)COP([O-])(=O)OCC[N+](C)(C)C,SQOJMBITSSDGAU-MAFUUHOFSA-N,C44H78NO8P,780.0658,779.546504989
HMDB0008241,"PC(18:4(6Z,9Z,12Z,15Z)/20:0)",CCCCCCCCCCCCCCCCCCCC(=O)O[C@]([H])(COC(=O)CCCC\C=C/C\C=C/C\C=C/C\C=C/CC)COP([O-])(=O)OCC[N+](C)(C)C,HGTVFXGQQZVIJK-BCHSVXNCSA-N,C46H84NO8P,810.1348,809.593455181
HMDB0008242,"PC(18:4(6Z,9Z,12Z,15Z)/20:1(11Z))",CCCCCCCC\C=C/CCCCCCCCCC(=O)O[C@]([H])(COC(=O)CCCC\C=C/C\C=C/C\C=C/C\C=C/CC)COP([O-])(=O)OCC[N+](C)(C)C,WJGXHQGSFRJRJR-JQMRBUEGSA-N,C46H82NO8P,808.1189,807.577805117
HMDB0008243,"PC(18:4(6Z,9Z,12Z,15Z)/20:2(11Z,14Z))",CCCCC\C=C/C\C=C/CCCCCCCCCC(=O)O[C@]([H])(COC(=O)CCCC\C=C/C\C=C/C\C=C/C\C=C/CC)COP([O-])(=O)OCC[N+](C)(C)C,RJBUKRKXNJFIDS-MXQFTRAWSA-N,C46H80NO8P,806.1031,805.562155053
HMDB0008256,"PC(18:4(6Z,9Z,12Z,15Z)/24:0)",CCCCCCCCCCCCCCCCCCCCCCCC(=O)O[C@]([H])(COC(=O)CCCC\C=C/C\C=C/C\C=C/C\C=C/CC)COP([O-])(=O)OCC[N+](C)(C)C,BOJNWKCDIBUHSO-XHOIARRISA-N,C50H92NO8P,866.2411,865.656055437
HMDB0008259,"PC(18:4(6Z,9Z,12Z,15Z)/P-18:0)",CCCCCCCCCCCCCCCC\C=C/OC(COC(=O)CCCC\C=C/C\C=C/C\C=C/C\C=C/CC)COP([O-])(=O)OCC[N+](C)(C)C,FHDLSCQITSAFFT-GZVUYCLPSA-N,C44H80NO7P,766.0823,765.567240431
HMDB0008260,"PC(18:4(6Z,9Z,12Z,15Z)/P-18:1(11Z))",CCCCCC\C=C/CCCCCCCC\C=C/OC(COC(=O)CCCC\C=C/C\C=C/C\C=C/C\C=C/CC)COP([O-])(=O)OCC[N+](C)(C)C,JCIBOIAZHLGPOT-BEDVMKBTSA-N,C44H78NO7P,764.0664,763.551590367
HMDB0008261,"PC(18:4(6Z,9Z,12Z,15Z)/P-18:1(9Z))",CCCCCCCC\C=C/CCCCCC\C=C/OC(COC(=O)CCCC\C=C/C\C=C/C\C=C/C\C=C/CC)COP([O-])(=O)OCC[N+](C)(C)C,KRKGEBPORBUETM-JJJJCJMPSA-N,C44H78NO7P,764.0664,763.551590367
HMDB0008263,PC(20:0/14:1(9Z)),CCCCCCCCCCCCCCCCCCCC(=O)OC[C@]([H])(COP([O-])(=O)OCC[N+](C)(C)C)OC(=O)CCCCCCC\C=C/CCCC,HUTFJQFEXOTHFG-LLVYEJTBSA-N,C42H82NO8P,760.0761,759.577805117
HMDB0008266,PC(20:0/16:1(9Z)),CCCCCCCCCCCCCCCCCCCC(=O)OC[C@]([H])(COP([O-])(=O)OCC[N+](C)(C)C)OC(=O)CCCCCCC\C=C/CCCCCC,VIOCEOKULYHXNJ-HTDYWKJCSA-N,C44H86NO8P,788.1293,787.609105245
HMDB0008271,"PC(20:0/18:3(6Z,9Z,12Z))",CCCCCCCCCCCCCCCCCCCC(=O)OC[C@]([H])(COP([O-])(=O)OCC[N+](C)(C)C)OC(=O)CCCC\C=C/C\C=C/C\C=C/CCCCC,DLZPSAPMHALIOA-YNCVDBFYSA-N,C46H86NO8P,812.1507,811.609105245
HMDB0008272,"PC(20:0/18:3(9Z,12Z,15Z))",CCCCCCCCCCCCCCCCCCCC(=O)OC[C@]([H])(COP([O-])(=O)OCC[N+](C)(C)C)OC(=O)CCCCCCC\C=C/C\C=C/C\C=C/CC,ZDCCXTFOQDDLSE-LITWNLNFSA-N,C46H86NO8P,812.1507,811.609105245
HMDB0008273,"PC(20:0/18:4(6Z,9Z,12Z,15Z))",CCCCCCCCCCCCCCCCCCCC(=O)OC[C@]([H])(COP([O-])(=O)OCC[N+](C)(C)C)OC(=O)CCCC\C=C/C\C=C/C\C=C/C\C=C/CC,UELRKDJVEHFVAI-QZOXBMLCSA-N,C46H84NO8P,810.1348,809.593455181
HMDB0008283,PC(20:0/22:1(13Z)),CCCCCCCCCCCCCCCCCCCC(=O)OC[C@]([H])(COP([O-])(=O)OCC[N+](C)(C)C)OC(=O)CCCCCCCCCCC\C=C/CCCCCCCC,QXFAPNLFOQKMLO-RURDTVAGSA-N,C50H98NO8P,872.2888,871.703005629
HMDB0008284,"PC(20:0/22:2(13Z,16Z))",CCCCCCCCCCCCCCCCCCCC(=O)OC[C@]([H])(COP([O-])(=O)OCC[N+](C)(C)C)OC(=O)CCCCCCCCCCC\C=C/C\C=C/CCCCC,BLJPXEWRRNWICS-NWFGWYPUSA-N,C50H96NO8P,870.2729,869.687355565
HMDB0008285,"PC(20:0/22:4(7Z,10Z,13Z,16Z))",CCCCCCCCCCCCCCCCCCCC(=O)OC[C@]([H])(COP([O-])(=O)OCC[N+](C)(C)C)OC(=O)CCCCC\C=C/C\C=C/C\C=C/C\C=C/CCCCC,DTROTNUOFDHYFZ-OCTIYZTESA-N,C50H92NO8P,866.2411,865.656055437
HMDB0008295,PC(20:1(11Z)/14:0),CCCCCCCCCCCCCC(=O)O[C@]([H])(COC(=O)CCCCCCCCC\C=C/CCCCCCCC)COP([O-])(=O)OCC[N+](C)(C)C,WSBNPWBHAOQZJF-OIJJMQLXSA-N,C42H82NO8P,760.0761,759.577805117
HMDB0008296,PC(20:1(11Z)/14:1(9Z)),CCCCCCCC\C=C/CCCCCCCCCC(=O)OC[C@]([H])(COP([O-])(=O)OCC[N+](C)(C)C)OC(=O)CCCCCCC\C=C/CCCC,FMLFVZOURBVUJL-LYJZGNKWSA-N,C42H80NO8P,758.0603,757.562155053
HMDB0008298,PC(20:1(11Z)/16:0),CCCCCCCCCCCCCCCC(=O)O[C@]([H])(COC(=O)CCCCCCCCC\C=C/CCCCCCCC)COP([O-])(=O)OCC[N+](C)(C)C,RLIWKVWRUOJIHW-NYJULOOZSA-N,C44H86NO8P,788.1293,787.609105245
HMDB0008299,PC(20:1(11Z)/16:1(9Z)),CCCCCCCC\C=C/CCCCCCCCCC(=O)OC[C@]([H])(COP([O-])(=O)OCC[N+](C)(C)C)OC(=O)CCCCCCC\C=C/CCCCCC,NZMJAZKGUFCMTN-NPCYKUJHSA-N,C44H84NO8P,786.1134,785.593455181
HMDB0008303,"PC(20:1(11Z)/18:2(9Z,12Z))",CCCCCCCC\C=C/CCCCCCCCCC(=O)OC[C@]([H])(COP([O-])(=O)OCC[N+](C)(C)C)OC(=O)CCCCCCC\C=C/C\C=C/CCCCC,KJDCENXZHMAYTN-VHWCKNCUSA-N,C46H86NO8P,812.1507,811.609105245
HMDB0008304,"PC(20:1(11Z)/18:3(6Z,9Z,12Z))",CCCCCCCC\C=C/CCCCCCCCCC(=O)OC[C@]([H])(COP([O-])(=O)OCC[N+](C)(C)C)OC(=O)CCCC\C=C/C\C=C/C\C=C/CCCCC,FHOBLZOUZRDCHR-VSYNYFESSA-N,C46H84NO8P,810.1348,809.593455181
HMDB0008305,"PC(20:1(11Z)/18:3(9Z,12Z,15Z))",CCCCCCCC\C=C/CCCCCCCCCC(=O)OC[C@]([H])(COP([O-])(=O)OCC[N+](C)(C)C)OC(=O)CCCCCCC\C=C/C\C=C/C\C=C/CC,NOWQIXJSMOBJLS-LMJTUUMUSA-N,C46H84NO8P,810.1348,809.593455181
HMDB0008306,"PC(20:1(11Z)/18:4(6Z,9Z,12Z,15Z))",CCCCCCCC\C=C/CCCCCCCCCC(=O)OC[C@]([H])(COP([O-])(=O)OCC[N+](C)(C)C)OC(=O)CCCC\C=C/C\C=C/C\C=C/C\C=C/CC,YDPVXGLBOPTMBY-SNMLGIRPSA-N,C46H82NO8P,808.1189,807.577805117
HMDB0008315,PC(20:1(11Z)/22:0),CCCCCCCCCCCCCCCCCCCCCC(=O)O[C@]([H])(COC(=O)CCCCCCCCC\C=C/CCCCCCCC)COP([O-])(=O)OCC[N+](C)(C)C,ZOBCQAOOEOICKA-ZPFYZEQDSA-N,C50H98NO8P,872.2888,871.703005629
HMDB0008316,PC(20:1(11Z)/22:1(13Z)),CCCCCCCC\C=C/CCCCCCCCCCCC(=O)O[C@]([H])(COC(=O)CCCCCCCCC\C=C/CCCCCCCC)COP([O-])(=O)OCC[N+](C)(C)C,MUFCWCXVLIXBJC-PIUCSNMVSA-N,C50H96NO8P,870.2729,869.687355565
HMDB0008324,PC(20:1(11Z)/P-16:0),CCCCCCCCCCCCCC\C=C/OC(COC(=O)CCCCCCCCC\C=C/CCCCCCCC)COP([O-])(=O)OCC[N+](C)(C)C,ADZUZWOTJKDMEP-DJRFHFPXSA-N,C44H86NO7P,772.1299,771.614190623
HMDB0008328,"PC(20:2(11Z,14Z)/14:0)",CCCCCCCCCCCCCC(=O)O[C@]([H])(COC(=O)CCCCCCCCC\C=C/C\C=C/CCCCC)COP([O-])(=O)OCC[N+](C)(C)C,JFWZYNWHJJSDAY-YBLKGUNISA-N,C42H80NO8P,758.0603,757.562155053
HMDB0008329,"PC(20:2(11Z,14Z)/14:1(9Z))",CCCCC\C=C/C\C=C/CCCCCCCCCC(=O)OC[C@]([H])(COP([O-])(=O)OCC[N+](C)(C)C)OC(=O)CCCCCCC\C=C/CCCC,MYWHURBVYAKZKD-FRPVHTQQSA-N,C42H78NO8P,756.0444,755.546504989
HMDB0008331,"PC(20:2(11Z,14Z)/16:0)",CCCCCCCCCCCCCCCC(=O)O[C@]([H])(COC(=O)CCCCCCCCC\C=C/C\C=C/CCCCC)COP([O-])(=O)OCC[N+](C)(C)C,JCABAGPMEUGRDK-UXSLIEDSSA-N,C44H84NO8P,786.1134,785.593455181
HMDB0008332,"PC(20:2(11Z,14Z)/16:1(9Z))",CCCCCC\C=C/CCCCCCCC(=O)O[C@]([H])(COC(=O)CCCCCCCCC\C=C/C\C=C/CCCCC)COP([O-])(=O)OCC[N+](C)(C)C,VPDVXUMWNZFISL-ZAEMQJNLSA-N,C44H82NO8P,784.0975,783.577805117
HMDB0008334,"PC(20:2(11Z,14Z)/18:1(11Z))",CCCCCC\C=C/CCCCCCCCCC(=O)O[C@]([H])(COC(=O)CCCCCCCCC\C=C/C\C=C/CCCCC)COP([O-])(=O)OCC[N+](C)(C)C,KNNHXKQRTYEWCA-HYYWERRFSA-N,C46H86NO8P,812.1507,811.609105245
HMDB0008335,"PC(20:2(11Z,14Z)/18:1(9Z))",CCCCCCCC\C=C/CCCCCCCC(=O)O[C@]([H])(COC(=O)CCCCCCCCC\C=C/C\C=C/CCCCC)COP([O-])(=O)OCC[N+](C)(C)C,YULWBFNKMAKVNZ-UETRTARBSA-N,C46H86NO8P,812.1507,811.609105245
HMDB0008336,"PC(20:2(11Z,14Z)/18:2(9Z,12Z))",CCCCC\C=C/C\C=C/CCCCCCCCCC(=O)OC[C@]([H])(COP([O-])(=O)OCC[N+](C)(C)C)OC(=O)CCCCCCC\C=C/C\C=C/CCCCC,ZPAYLLVKQCNXOK-JEHIXBSSSA-N,C46H84NO8P,810.1348,809.593455181
HMDB0008337,"PC(20:2(11Z,14Z)/18:3(6Z,9Z,12Z))",CCCCC\C=C/C\C=C/CCCCCCCCCC(=O)OC[C@]([H])(COP([O-])(=O)OCC[N+](C)(C)C)OC(=O)CCCC\C=C/C\C=C/C\C=C/CCCCC,WTLVSDIWQGLEAN-MFMUPFOOSA-N,C46H82NO8P,808.1189,807.577805117
HMDB0008338,"PC(20:2(11Z,14Z)/18:3(9Z,12Z,15Z))",CCCCC\C=C/C\C=C/CCCCCCCCCC(=O)OC[C@]([H])(COP([O-])(=O)OCC[N+](C)(C)C)OC(=O)CCCCCCC\C=C/C\C=C/C\C=C/CC,ZWBUMNLEWHYPRH-HTEBOPLQSA-N,C46H82NO8P,808.1189,807.577805117
HMDB0008339,"PC(20:2(11Z,14Z)/18:4(6Z,9Z,12Z,15Z))",CCCCC\C=C/C\C=C/CCCCCCCCCC(=O)OC[C@]([H])(COP([O-])(=O)OCC[N+](C)(C)C)OC(=O)CCCC\C=C/C\C=C/C\C=C/C\C=C/CC,DMULDNPMYQMFAE-YCAHXJLUSA-N,C46H80NO8P,806.1031,805.562155053
HMDB0008348,"PC(20:2(11Z,14Z)/22:0)",CCCCCCCCCCCCCCCCCCCCCC(=O)O[C@]([H])(COC(=O)CCCCCCCCC\C=C/C\C=C/CCCCC)COP([O-])(=O)OCC[N+](C)(C)C,GGBMXULOGOMRJY-HHITYQTISA-N,C50H96NO8P,870.2729,869.687355565
HMDB0008350,"PC(20:2(11Z,14Z)/22:2(13Z,16Z))",CCCCC\C=C/C\C=C/CCCCCCCCCCCC(=O)O[C@]([H])(COC(=O)CCCCCCCCC\C=C/C\C=C/CCCCC)COP([O-])(=O)OCC[N+](C)(C)C,VHZGGUTXBMEKQA-OARALLPOSA-N,C50H92NO8P,866.2411,865.656055437
HMDB0008357,"PC(20:2(11Z,14Z)/P-16:0)",CCCCCCCCCCCCCC\C=C/OC(COC(=O)CCCCCCCCC\C=C/C\C=C/CCCCC)COP([O-])(=O)OCC[N+](C)(C)C,KXKCEQLFMBHBOP-FOWUIZIDSA-N,C44H84NO7P,770.114,769.598540559
HMDB0008359,"PC(20:2(11Z,14Z)/P-18:1(11Z))",CCCCCC\C=C/CCCCCCCC\C=C/OC(COC(=O)CCCCCCCCC\C=C/C\C=C/CCCCC)COP([O-])(=O)OCC[N+](C)(C)C,JWQATZSUGKZPPL-GHQGZNKKSA-N,C46H86NO7P,796.1513,795.614190623
HMDB0008360,"PC(20:2(11Z,14Z)/P-18:1(9Z))",CCCCCCCC\C=C/CCCCCC\C=C/OC(COC(=O)CCCCCCCCC\C=C/C\C=C/CCCCC)COP([O-])(=O)OCC[N+](C)(C)C,MNYVVMFJSOVVPD-HGCMYEHPSA-N,C46H86NO7P,796.1513,795.614190623
HMDB0008361,"PC(20:3(5Z,8Z,11Z)/14:0)",CCCCCCCCCCCCCC(=O)O[C@]([H])(COC(=O)CCC\C=C/C\C=C/C\C=C/CCCCCCCC)COP([O-])(=O)OCC[N+](C)(C)C,SSQFWAKSSUYHFV-YVTPCJIFSA-N,C42H78NO8P,756.0444,755.546504989
HMDB0008364,"PC(20:3(5Z,8Z,11Z)/16:0)",CCCCCCCCCCCCCCCC(=O)O[C@]([H])(COC(=O)CCC\C=C/C\C=C/C\C=C/CCCCCCCC)COP([O-])(=O)OCC[N+](C)(C)C,LLSOYDYFSWVKOU-ZOVMTBBQSA-N,C44H82NO8P,784.0975,783.577805117
HMDB0008365,"PC(20:3(5Z,8Z,11Z)/16:1(9Z))",CCCCCCCC\C=C/C\C=C/C\C=C/CCCC(=O)OC[C@]([H])(COP([O-])(=O)OCC[N+](C)(C)C)OC(=O)CCCCCCC\C=C/CCCCCC,VRXRAEQYIWJLSH-OCTHSLKYSA-N,C44H80NO8P,782.0817,781.562155053
HMDB0008366,"PC(20:3(5Z,8Z,11Z)/18:0)",CCCCCCCCCCCCCCCCCC(=O)O[C@]([H])(COC(=O)CCC\C=C/C\C=C/C\C=C/CCCCCCCC)COP([O-])(=O)OCC[N+](C)(C)C,ZQCXMBYHCICNPX-FIAOWNBRSA-N,C46H86NO8P,812.1507,811.609105245
HMDB0008367,"PC(20:3(5Z,8Z,11Z)/18:1(11Z))",CCCCCCCC\C=C/C\C=C/C\C=C/CCCC(=O)OC[C@]([H])(COP([O-])(=O)OCC[N+](C)(C)C)OC(=O)CCCCCCCCC\C=C/CCCCCC,PIOANQACZQFPEA-UKBQUFHJSA-N,C46H84NO8P,810.1348,809.593455181
HMDB0008368,"PC(20:3(5Z,8Z,11Z)/18:1(9Z))",CCCCCCCC\C=C/CCCCCCCC(=O)O[C@]([H])(COC(=O)CCC\C=C/C\C=C/C\C=C/CCCCCCCC)COP([O-])(=O)OCC[N+](C)(C)C,PUTMVZMHYSWRJX-PAQAJSBVSA-N,C46H84NO8P,810.1348,809.593455181
HMDB0008369,"PC(20:3(5Z,8Z,11Z)/18:2(9Z,12Z))",CCCCCCCC\C=C/C\C=C/C\C=C/CCCC(=O)OC[C@]([H])(COP([O-])(=O)OCC[N+](C)(C)C)OC(=O)CCCCCCC\C=C/C\C=C/CCCCC,SKQBFCOATFWTGJ-GGVIMJHGSA-N,C46H82NO8P,808.1189,807.577805117
HMDB0008370,"PC(20:3(5Z,8Z,11Z)/18:3(6Z,9Z,12Z))",CCCCCCCC\C=C/C\C=C/C\C=C/CCCC(=O)OC[C@]([H])(COP([O-])(=O)OCC[N+](C)(C)C)OC(=O)CCCC\C=C/C\C=C/C\C=C/CCCCC,JEFBNJKATIUJOC-JZSVRCITSA-N,C46H80NO8P,806.1031,805.562155053
HMDB0008371,"PC(20:3(5Z,8Z,11Z)/18:3(9Z,12Z,15Z))",CCCCCCCC\C=C/C\C=C/C\C=C/CCCC(=O)OC[C@]([H])(COP([O-])(=O)OCC[N+](C)(C)C)OC(=O)CCCCCCC\C=C/C\C=C/C\C=C/CC,SHGIXNQCFPEBAW-XVVPJXMMSA-N,C46H80NO8P,806.1031,805.562155053
HMDB0008382,"PC(20:3(5Z,8Z,11Z)/22:1(13Z))",CCCCCCCC\C=C/CCCCCCCCCCCC(=O)O[C@]([H])(COC(=O)CCC\C=C/C\C=C/C\C=C/CCCCCCCC)COP([O-])(=O)OCC[N+](C)(C)C,QLUBHBLHAFOGNI-FLBVHRRTSA-N,C50H92NO8P,866.2411,865.656055437
HMDB0008390,"PC(20:3(5Z,8Z,11Z)/P-16:0)",CCCCCCCCCCCCCC\C=C/OC(COC(=O)CCC\C=C/C\C=C/C\C=C/CCCCCCCC)COP([O-])(=O)OCC[N+](C)(C)C,CMAADAYMDIZIOR-YDGSBDHOSA-N,C44H82NO7P,768.0981,767.582890495
HMDB0008391,"PC(20:3(5Z,8Z,11Z)/P-18:0)",CCCCCCCCCCCCCCCC\C=C/OC(COC(=O)CCC\C=C/C\C=C/C\C=C/CCCCCCCC)COP([O-])(=O)OCC[N+](C)(C)C,PLWKPRNKSDXLNG-KZWPABEFSA-N,C46H86NO7P,796.1513,795.614190623
HMDB0008392,"PC(20:3(5Z,8Z,11Z)/P-18:1(11Z))",CCCCCCCC\C=C/C\C=C/C\C=C/CCCC(=O)OCC(COP([O-])(=O)OCC[N+](C)(C)C)O\C=C/CCCCCCCC\C=C/CCCCCC,LRXLTVLBEDXONI-DSLLYOFSSA-N,C46H84NO7P,794.1354,793.598540559
HMDB0008393,"PC(20:3(5Z,8Z,11Z)/P-18:1(9Z))",CCCCCCCC\C=C/CCCCCC\C=C/OC(COC(=O)CCC\C=C/C\C=C/C\C=C/CCCCCCCC)COP([O-])(=O)OCC[N+](C)(C)C,LOIZABDCVPDYRX-KPLHBETISA-N,C46H84NO7P,794.1354,793.598540559
HMDB0008394,"PC(20:3(8Z,11Z,14Z)/14:0)",CCCCCCCCCCCCCC(=O)O[C@]([H])(COC(=O)CCCCCC\C=C/C\C=C/C\C=C/CCCCC)COP([O-])(=O)OCC[N+](C)(C)C,VKVSSDKCKXJFIM-AFYHZPHLSA-N,C42H78NO8P,756.0444,755.546504989
HMDB0008397,"PC(20:3(8Z,11Z,14Z)/16:0)",CCCCCCCCCCCCCCCC(=O)O[C@]([H])(COC(=O)CCCCCC\C=C/C\C=C/C\C=C/CCCCC)COP([O-])(=O)OCC[N+](C)(C)C,YKSVDDIMSQYNID-YYQUKWHJSA-N,C44H82NO8P,784.0975,783.577805117
HMDB0008398,"PC(20:3(8Z,11Z,14Z)/16:1(9Z))",CCCCCC\C=C/CCCCCCCC(=O)O[C@]([H])(COC(=O)CCCCCC\C=C/C\C=C/C\C=C/CCCCC)COP([O-])(=O)OCC[N+](C)(C)C,SMNBWWUNQGASFC-MLQXCARSSA-N,C44H80NO8P,782.0817,781.562155053
HMDB0008399,"PC(20:3(8Z,11Z,14Z)/18:0)",CCCCCCCCCCCCCCCCCC(=O)O[C@]([H])(COC(=O)CCCCCC\C=C/C\C=C/C\C=C/CCCCC)COP([O-])(=O)OCC[N+](C)(C)C,UTVPIFAQLMVRBR-DXLHFBPTSA-N,C46H86NO8P,812.1507,811.609105245
HMDB0008400,"PC(20:3(8Z,11Z,14Z)/18:1(11Z))",CCCCCC\C=C/CCCCCCCCCC(=O)O[C@]([H])(COC(=O)CCCCCC\C=C/C\C=C/C\C=C/CCCCC)COP([O-])(=O)OCC[N+](C)(C)C,QFSNCHKAROIETO-SSTUGHORSA-N,C46H84NO8P,810.1348,809.593455181
HMDB0008401,"PC(20:3(8Z,11Z,14Z)/18:1(9Z))",CCCCCCCC\C=C/CCCCCCCC(=O)O[C@]([H])(COC(=O)CCCCCC\C=C/C\C=C/C\C=C/CCCCC)COP([O-])(=O)OCC[N+](C)(C)C,SLKDYSINLYWLQQ-IGMUWBMCSA-N,C46H84NO8P,810.1348,809.593455181
HMDB0008402,"PC(20:3(8Z,11Z,14Z)/18:2(9Z,12Z))",CCCCC\C=C/C\C=C/CCCCCCCC(=O)O[C@]([H])(COC(=O)CCCCCC\C=C/C\C=C/C\C=C/CCCCC)COP([O-])(=O)OCC[N+](C)(C)C,SUACBSWYGWBPFC-GPUJSUHJSA-N,C46H82NO8P,808.1189,807.577805117
HMDB0008403,"PC(20:3(8Z,11Z,14Z)/18:3(6Z,9Z,12Z))",CCCCC\C=C/C\C=C/C\C=C/CCCCCCC(=O)OC[C@]([H])(COP([O-])(=O)OCC[N+](C)(C)C)OC(=O)CCCC\C=C/C\C=C/C\C=C/CCCCC,RIDIYDAFPMEWTP-AFNUAFPGSA-N,C46H80NO8P,806.1031,805.562155053
HMDB0008404,"PC(20:3(8Z,11Z,14Z)/18:3(9Z,12Z,15Z))",CCCCC\C=C/C\C=C/C\C=C/CCCCCCC(=O)OC[C@]([H])(COP([O-])(=O)OCC[N+](C)(C)C)OC(=O)CCCCCCC\C=C/C\C=C/C\C=C/CC,ONHNZXQSGXKTJD-FKOQMNRQSA-N,C46H80NO8P,806.1031,805.562155053
HMDB0008414,"PC(20:3(8Z,11Z,14Z)/22:1(13Z))",CCCCCCCC\C=C/CCCCCCCCCCCC(=O)O[C@]([H])(COC(=O)CCCCCC\C=C/C\C=C/C\C=C/CCCCC)COP([O-])(=O)OCC[N+](C)(C)C,HILDKBKUEBHUIK-LEGLZOIHSA-N,C50H92NO8P,866.2411,865.656055437
HMDB0008422,"PC(20:3(8Z,11Z,14Z)/P-16:0)",CCCCCCCCCCCCCC\C=C/OC(COC(=O)CCCCCC\C=C/C\C=C/C\C=C/CCCCC)COP([O-])(=O)OCC[N+](C)(C)C,YNEOKOLTTKSNFT-NXTBAPBJSA-N,C44H82NO7P,768.0981,767.582890495
HMDB0008423,"PC(20:3(8Z,11Z,14Z)/P-18:0)",CCCCCCCCCCCCCCCC\C=C/OC(COC(=O)CCCCCC\C=C/C\C=C/C\C=C/CCCCC)COP([O-])(=O)OCC[N+](C)(C)C,IMISCMOUPRVKCY-JCOVWSEZSA-N,C46H86NO7P,796.1513,795.614190623
HMDB0008424,"PC(20:3(8Z,11Z,14Z)/P-18:1(11Z))",CCCCCC\C=C/CCCCCCCC\C=C/OC(COC(=O)CCCCCC\C=C/C\C=C/C\C=C/CCCCC)COP([O-])(=O)OCC[N+](C)(C)C,CCNAQOMJOZUUNX-HPXLHRQISA-N,C46H84NO7P,794.1354,793.598540559
HMDB0008425,"PC(20:3(8Z,11Z,14Z)/P-18:1(9Z))",CCCCCCCC\C=C/CCCCCC\C=C/OC(COC(=O)CCCCCC\C=C/C\C=C/C\C=C/CCCCC)COP([O-])(=O)OCC[N+](C)(C)C,LBPLYVPCWJRTGP-YLKVZILBSA-N,C46H84NO7P,794.1354,793.598540559
HMDB0008429,"PC(20:4(5Z,8Z,11Z,14Z)/16:0)",CCCCCCCCCCCCCCCC(=O)O[C@]([H])(COC(=O)CCC\C=C/C\C=C/C\C=C/C\C=C/CCCCC)COP([O-])(=O)OCC[N+](C)(C)C,PUDHBQQGURLBGJ-IVFHWKNFSA-N,C44H80NO8P,782.0817,781.562155053
HMDB0008430,"PC(20:4(5Z,8Z,11Z,14Z)/16:1(9Z))",CCCCCC\C=C/CCCCCCCC(=O)O[C@]([H])(COC(=O)CCC\C=C/C\C=C/C\C=C/C\C=C/CCCCC)COP([O-])(=O)OCC[N+](C)(C)C,KKRYRHYMXROGPM-SOVKMKKSSA-N,C44H78NO8P,780.0658,779.546504989
HMDB0008431,"PC(20:4(5Z,8Z,11Z,14Z)/18:0)",CCCCCCCCCCCCCCCCCC(=O)O[C@]([H])(COC(=O)CCC\C=C/C\C=C/C\C=C/C\C=C/CCCCC)COP([O-])(=O)OCC[N+](C)(C)C,DNYKSJQVBCVGOF-LCKGXUDJSA-N,C46H84NO8P,810.1348,809.593455181
HMDB0008432,"PC(20:4(5Z,8Z,11Z,14Z)/18:1(11Z))",CCCCCC\C=C/CCCCCCCCCC(=O)O[C@]([H])(COC(=O)CCC\C=C/C\C=C/C\C=C/C\C=C/CCCCC)COP([O-])(=O)OCC[N+](C)(C)C,YLWBKBDNHWQEFU-YJXJLLHLSA-N,C46H82NO8P,808.1189,807.577805117
HMDB0008433,"PC(20:4(5Z,8Z,11Z,14Z)/18:1(9Z))",CCCCCCCC\C=C/CCCCCCCC(=O)O[C@]([H])(COC(=O)CCC\C=C/C\C=C/C\C=C/C\C=C/CCCCC)COP([O-])(=O)OCC[N+](C)(C)C,PJAVLQZDHFXHPI-IHBLHBMHSA-N,C46H82NO8P,808.1189,807.577805117
HMDB0008434,"PC(20:4(5Z,8Z,11Z,14Z)/18:2(9Z,12Z))",CCCCC\C=C/C\C=C/CCCCCCCC(=O)O[C@]([H])(COC(=O)CCC\C=C/C\C=C/C\C=C/C\C=C/CCCCC)COP([O-])(=O)OCC[N+](C)(C)C,PLZBTDKJYHXIEW-DZUXOTHRSA-N,C46H80NO8P,806.1031,805.562155053
HMDB0008446,"PC(20:4(5Z,8Z,11Z,14Z)/22:0)",CCCCCCCCCCCCCCCCCCCCCC(=O)O[C@]([H])(COC(=O)CCC\C=C/C\C=C/C\C=C/C\C=C/CCCCC)COP([O-])(=O)OCC[N+](C)(C)C,CVECNRQDBOYLEX-YUDFJFIPSA-N,C50H92NO8P,866.2411,865.656055437
HMDB0008455,"PC(20:4(5Z,8Z,11Z,14Z)/P-16:0)",CCCCCCCCCCCCCC\C=C/OC(COC(=O)CCC\C=C/C\C=C/C\C=C/C\C=C/CCCCC)COP([O-])(=O)OCC[N+](C)(C)C,QXWMNDJZPMHJJC-ZBYLXILXSA-N,C44H80NO7P,766.0823,765.567240431
HMDB0008456,"PC(20:4(5Z,8Z,11Z,14Z)/P-18:0)",CCCCCCCCCCCCCCCC\C=C/OC(COC(=O)CCC\C=C/C\C=C/C\C=C/C\C=C/CCCCC)COP([O-])(=O)OCC[N+](C)(C)C,HMEHDJIXXQDEJH-NRSCKOKFSA-N,C46H84NO7P,794.1354,793.598540559
HMDB0008457,"PC(20:4(5Z,8Z,11Z,14Z)/P-18:1(11Z))",CCCCCC\C=C/CCCCCCCC\C=C/OC(COC(=O)CCC\C=C/C\C=C/C\C=C/C\C=C/CCCCC)COP([O-])(=O)OCC[N+](C)(C)C,BKCKPUXEOILIKW-YNZCAZTGSA-N,C46H82NO7P,792.1195,791.582890495
HMDB0008458,"PC(20:4(5Z,8Z,11Z,14Z)/P-18:1(9Z))",CCCCCCCC\C=C/CCCCCC\C=C/OC(COC(=O)CCC\C=C/C\C=C/C\C=C/C\C=C/CCCCC)COP([O-])(=O)OCC[N+](C)(C)C,XFZLVOWQACHWOM-KJYCNVMKSA-N,C46H82NO7P,792.1195,791.582890495
HMDB0008462,"PC(20:4(8Z,11Z,14Z,17Z)/16:0)",[H][C@@](COC(=O)CCCCCC\C=C/C\C=C/C\C=C/C\C=C/CC)(COP([O-])(=O)OCC[N+](C)(C)C)OC(=O)CCCCCCCCCCCCCCC,JWAPTBDWCHGPTG-HCYAGMRRSA-N,C44H80NO8P,782.0817,781.562155053
HMDB0008463,"PC(20:4(8Z,11Z,14Z,17Z)/16:1(9Z))",CCCCCC\C=C/CCCCCCCC(=O)O[C@]([H])(COC(=O)CCCCCC\C=C/C\C=C/C\C=C/C\C=C/CC)COP([O-])(=O)OCC[N+](C)(C)C,YZVMADINWPHQBY-HVRDEFPWSA-N,C44H78NO8P,780.0658,779.546504989
HMDB0008464,"PC(20:4(8Z,11Z,14Z,17Z)/18:0)",CCCCCCCCCCCCCCCCCC(=O)O[C@]([H])(COC(=O)CCCCCC\C=C/C\C=C/C\C=C/C\C=C/CC)COP([O-])(=O)OCC[N+](C)(C)C,FBCNXALHPSQUQY-WKABSKOFSA-N,C46H84NO8P,810.1348,809.593455181
HMDB0008465,"PC(20:4(8Z,11Z,14Z,17Z)/18:1(11Z))",CCCCCC\C=C/CCCCCCCCCC(=O)O[C@]([H])(COC(=O)CCCCCC\C=C/C\C=C/C\C=C/C\C=C/CC)COP([O-])(=O)OCC[N+](C)(C)C,AKLWUKOTFBFPBC-RCKQDAJWSA-N,C46H82NO8P,808.1189,807.577805117
HMDB0008466,"PC(20:4(8Z,11Z,14Z,17Z)/18:1(9Z))",CCCCCCCC\C=C/CCCCCCCC(=O)O[C@]([H])(COC(=O)CCCCCC\C=C/C\C=C/C\C=C/C\C=C/CC)COP([O-])(=O)OCC[N+](C)(C)C,ZLBHNVZLAFHAEP-IVILLCNESA-N,C46H82NO8P,808.1189,807.577805117
HMDB0008467,"PC(20:4(8Z,11Z,14Z,17Z)/18:2(9Z,12Z))",CCCCC\C=C/C\C=C/CCCCCCCC(=O)O[C@]([H])(COC(=O)CCCCCC\C=C/C\C=C/C\C=C/C\C=C/CC)COP([O-])(=O)OCC[N+](C)(C)C,CEJUIQBITPKHHY-OWEZASBCSA-N,C46H80NO8P,806.1031,805.562155053
HMDB0008479,"PC(20:4(8Z,11Z,14Z,17Z)/22:0)",CCCCCCCCCCCCCCCCCCCCCC(=O)O[C@]([H])(COC(=O)CCCCCC\C=C/C\C=C/C\C=C/C\C=C/CC)COP([O-])(=O)OCC[N+](C)(C)C,XJLHAZSETMTODV-OTCDWEGQSA-N,C50H92NO8P,866.2411,865.656055437
HMDB0008488,"PC(20:4(8Z,11Z,14Z,17Z)/P-16:0)",CCCCCCCCCCCCCC\C=C/OC(COC(=O)CCCCCC\C=C/C\C=C/C\C=C/C\C=C/CC)COP([O-])(=O)OCC[N+](C)(C)C,YNVRQZFWYTWRSS-IXSFRKHYSA-N,C44H80NO7P,766.0823,765.567240431
HMDB0008489,"PC(20:4(8Z,11Z,14Z,17Z)/P-18:0)",CCCCCCCCCCCCCCCC\C=C/OC(COC(=O)CCCCCC\C=C/C\C=C/C\C=C/C\C=C/CC)COP([O-])(=O)OCC[N+](C)(C)C,LHWOPLZFGPHCMJ-AMFPDOHCSA-N,C46H84NO7P,794.1354,793.598540559
HMDB0008490,"PC(20:4(8Z,11Z,14Z,17Z)/P-18:1(11Z))",CCCCCC\C=C/CCCCCCCC\C=C/OC(COC(=O)CCCCCC\C=C/C\C=C/C\C=C/C\C=C/CC)COP([O-])(=O)OCC[N+](C)(C)C,CRMVSSHWYQUQEP-IDSBLRLXSA-N,C46H82NO7P,792.1195,791.582890495
HMDB0008491,"PC(20:4(8Z,11Z,14Z,17Z)/P-18:1(9Z))",CCCCCCCC\C=C/CCCCCC\C=C/OC(COC(=O)CCCCCC\C=C/C\C=C/C\C=C/C\C=C/CC)COP([O-])(=O)OCC[N+](C)(C)C,ATTCDOPAYPGSLE-LQULQHAGSA-N,C46H82NO7P,792.1195,791.582890495
HMDB0008495,"PC(20:5(5Z,8Z,11Z,14Z,17Z)/16:0)",CCCCCCCCCCCCCCCC(=O)O[C@]([H])(COC(=O)CCC\C=C/C\C=C/C\C=C/C\C=C/C\C=C/CC)COP([O-])(=O)OCC[N+](C)(C)C,SUZYROYNFNQALJ-MHEIZRSESA-N,C44H78NO8P,780.0658,779.546504989
HMDB0008497,"PC(20:5(5Z,8Z,11Z,14Z,17Z)/18:0)",CCCCCCCCCCCCCCCCCC(=O)O[C@]([H])(COC(=O)CCC\C=C/C\C=C/C\C=C/C\C=C/C\C=C/CC)COP([O-])(=O)OCC[N+](C)(C)C,JKDOKILDEIEPFZ-LGPFJNBISA-N,C46H82NO8P,808.1189,807.577805117
HMDB0008498,"PC(20:5(5Z,8Z,11Z,14Z,17Z)/18:1(11Z))",CCCCCC\C=C/CCCCCCCCCC(=O)O[C@]([H])(COC(=O)CCC\C=C/C\C=C/C\C=C/C\C=C/C\C=C/CC)COP([O-])(=O)OCC[N+](C)(C)C,KAAXHFGQTWYDKM-PDYZRCSUSA-N,C46H80NO8P,806.1031,805.562155053
HMDB0008499,"PC(20:5(5Z,8Z,11Z,14Z,17Z)/18:1(9Z))",CCCCCCCC\C=C/CCCCCCCC(=O)O[C@]([H])(COC(=O)CCC\C=C/C\C=C/C\C=C/C\C=C/C\C=C/CC)COP([O-])(=O)OCC[N+](C)(C)C,JZKMYCPNBSRARO-YMBRLFDISA-N,C46H80NO8P,806.1031,805.562155053
HMDB0008521,"PC(20:5(5Z,8Z,11Z,14Z,17Z)/P-16:0)",CCCCCCCCCCCCCC\C=C/OC(COC(=O)CCC\C=C/C\C=C/C\C=C/C\C=C/C\C=C/CC)COP([O-])(=O)OCC[N+](C)(C)C,RPGDUWQZQBHLNS-XRTCNQNWSA-N,C44H78NO7P,764.0664,763.551590367
HMDB0008522,"PC(20:5(5Z,8Z,11Z,14Z,17Z)/P-18:0)",CCCCCCCCCCCCCCCC\C=C/OC(COC(=O)CCC\C=C/C\C=C/C\C=C/C\C=C/C\C=C/CC)COP([O-])(=O)OCC[N+](C)(C)C,IWGDDCKYIXMJOA-RJFYQFCBSA-N,C46H82NO7P,792.1195,791.582890495
HMDB0008523,"PC(20:5(5Z,8Z,11Z,14Z,17Z)/P-18:1(11Z))",CCCCCC\C=C/CCCCCCCC\C=C/OC(COC(=O)CCC\C=C/C\C=C/C\C=C/C\C=C/C\C=C/CC)COP([O-])(=O)OCC[N+](C)(C)C,WDNOQSUMHJTAOV-RAUWIWGKSA-N,C46H80NO7P,790.1037,789.567240431
HMDB0008524,"PC(20:5(5Z,8Z,11Z,14Z,17Z)/P-18:1(9Z))",CCCCCCCC\C=C/CCCCCC\C=C/OC(COC(=O)CCC\C=C/C\C=C/C\C=C/C\C=C/C\C=C/CC)COP([O-])(=O)OCC[N+](C)(C)C,USPBFZFHJPVLST-HALYXBRLSA-N,C46H80NO7P,790.1037,789.567240431
HMDB0008526,PC(22:0/14:1(9Z)),CCCCCCCCCCCCCCCCCCCCCC(=O)OC[C@]([H])(COP([O-])(=O)OCC[N+](C)(C)C)OC(=O)CCCCCCC\C=C/CCCC,RGHFEAMZDBFLPO-FASREOMLSA-N,C44H86NO8P,788.1293,787.609105245
HMDB0008538,PC(22:0/20:1(11Z)),CCCCCCCCCCCCCCCCCCCCCC(=O)OC[C@]([H])(COP([O-])(=O)OCC[N+](C)(C)C)OC(=O)CCCCCCCCC\C=C/CCCCCCCC,JTSFTWZTLBUFSL-ZPFYZEQDSA-N,C50H98NO8P,872.2888,871.703005629
HMDB0008539,"PC(22:0/20:2(11Z,14Z))",CCCCCCCCCCCCCCCCCCCCCC(=O)OC[C@]([H])(COP([O-])(=O)OCC[N+](C)(C)C)OC(=O)CCCCCCCCC\C=C/C\C=C/CCCCC,LFYYYSNBZJRBSA-HHITYQTISA-N,C50H96NO8P,870.2729,869.687355565
HMDB0008542,"PC(22:0/20:4(5Z,8Z,11Z,14Z))",CCCCCCCCCCCCCCCCCCCCCC(=O)OC[C@]([H])(COP([O-])(=O)OCC[N+](C)(C)C)OC(=O)CCC\C=C/C\C=C/C\C=C/C\C=C/CCCCC,YMTVBHIALYUAKW-HTJMAYPASA-N,C50H92NO8P,866.2411,865.656055437
HMDB0008543,"PC(22:0/20:4(8Z,11Z,14Z,17Z))",CCCCCCCCCCCCCCCCCCCCCC(=O)OC[C@]([H])(COP([O-])(=O)OCC[N+](C)(C)C)OC(=O)CCCCCC\C=C/C\C=C/C\C=C/C\C=C/CC,BUDCKLMBPWXPIS-BVGFWLPASA-N,C50H92NO8P,866.2411,865.656055437
HMDB0008558,PC(22:1(13Z)/14:0),CCCCCCCCCCCCCC(=O)O[C@]([H])(COC(=O)CCCCCCCCCCC\C=C/CCCCCCCC)COP([O-])(=O)OCC[N+](C)(C)C,RSKUBXWDAIDNLE-HSEDGGQWSA-N,C44H86NO8P,788.1293,787.609105245
HMDB0008559,PC(22:1(13Z)/14:1(9Z)),CCCCCCCC\C=C/CCCCCCCCCCCC(=O)OC[C@]([H])(COP([O-])(=O)OCC[N+](C)(C)C)OC(=O)CCCCCCC\C=C/CCCC,CYQUGAJGPGKDFF-MHJIJCEHSA-N,C44H84NO8P,786.1134,785.593455181
HMDB0008569,PC(22:1(13Z)/20:0),CCCCCCCCCCCCCCCCCCCC(=O)O[C@]([H])(COC(=O)CCCCCCCCCCC\C=C/CCCCCCCC)COP([O-])(=O)OCC[N+](C)(C)C,GHUGFCZMTRWVKH-RURDTVAGSA-N,C50H98NO8P,872.2888,871.703005629
HMDB0008570,PC(22:1(13Z)/20:1(11Z)),CCCCCCCC\C=C/CCCCCCCCCCCC(=O)OC[C@]([H])(COP([O-])(=O)OCC[N+](C)(C)C)OC(=O)CCCCCCCCC\C=C/CCCCCCCC,RDVFINNZTUFVCO-PIUCSNMVSA-N,C50H96NO8P,870.2729,869.687355565
HMDB0008572,"PC(22:1(13Z)/20:3(5Z,8Z,11Z))",CCCCCCCC\C=C/CCCCCCCCCCCC(=O)OC[C@]([H])(COP([O-])(=O)OCC[N+](C)(C)C)OC(=O)CCC\C=C/C\C=C/C\C=C/CCCCCCCC,UMAICRBPHIYESB-DNBQMDTNSA-N,C50H92NO8P,866.2411,865.656055437
HMDB0008573,"PC(22:1(13Z)/20:3(8Z,11Z,14Z))",CCCCCCCC\C=C/CCCCCCCCCCCC(=O)OC[C@]([H])(COP([O-])(=O)OCC[N+](C)(C)C)OC(=O)CCCCCC\C=C/C\C=C/C\C=C/CCCCC,JPJFWRWQZROHJW-RSPSYKHISA-N,C50H92NO8P,866.2411,865.656055437
HMDB0008590,"PC(22:2(13Z,16Z)/14:0)",CCCCCCCCCCCCCC(=O)O[C@]([H])(COC(=O)CCCCCCCCCCC\C=C/C\C=C/CCCCC)COP([O-])(=O)OCC[N+](C)(C)C,POKOLAWNECNRHW-JHHJWKSXSA-N,C44H84NO8P,786.1134,785.593455181
HMDB0008591,"PC(22:2(13Z,16Z)/14:1(9Z))",CCCCC\C=C/C\C=C/CCCCCCCCCCCC(=O)OC[C@]([H])(COP([O-])(=O)OCC[N+](C)(C)C)OC(=O)CCCCCCC\C=C/CCCC,AHJIOIOFNHUXKJ-GXAHKNHCSA-N,C44H82NO8P,784.0975,783.577805117
HMDB0008594,"PC(22:2(13Z,16Z)/16:1(9Z))",CCCCCC\C=C/CCCCCCCC(=O)O[C@]([H])(COC(=O)CCCCCCCCCCC\C=C/C\C=C/CCCCC)COP([O-])(=O)OCC[N+](C)(C)C,GEAKOUDHDIZJPQ-UTIGHQPQSA-N,C46H86NO8P,812.1507,811.609105245
HMDB0008602,"PC(22:2(13Z,16Z)/20:0)",CCCCCCCCCCCCCCCCCCCC(=O)O[C@]([H])(COC(=O)CCCCCCCCCCC\C=C/C\C=C/CCCCC)COP([O-])(=O)OCC[N+](C)(C)C,UGLJQXWXHNGVFA-NWFGWYPUSA-N,C50H96NO8P,870.2729,869.687355565
HMDB0008604,"PC(22:2(13Z,16Z)/20:2(11Z,14Z))",CCCCC\C=C/C\C=C/CCCCCCCCCCCC(=O)OC[C@]([H])(COP([O-])(=O)OCC[N+](C)(C)C)OC(=O)CCCCCCCCC\C=C/C\C=C/CCCCC,AGTWPYRVVNKJKX-OARALLPOSA-N,C50H92NO8P,866.2411,865.656055437
HMDB0008623,"PC(22:4(7Z,10Z,13Z,16Z)/14:0)",CCCCCCCCCCCCCC(=O)O[C@]([H])(COC(=O)CCCCC\C=C/C\C=C/C\C=C/C\C=C/CCCCC)COP([O-])(=O)OCC[N+](C)(C)C,FHBLNLYBVANDFG-CCHOKCMJSA-N,C44H80NO8P,782.0817,781.562155053
HMDB0008624,"PC(22:4(7Z,10Z,13Z,16Z)/14:1(9Z))",CCCCC\C=C/C\C=C/C\C=C/C\C=C/CCCCCC(=O)OC[C@]([H])(COP([O-])(=O)OCC[N+](C)(C)C)OC(=O)CCCCCCC\C=C/CCCC,UJZMLLMWTJZZJX-WPNBCRARSA-N,C44H78NO8P,780.0658,779.546504989
HMDB0008626,"PC(22:4(7Z,10Z,13Z,16Z)/16:0)",CCCCCCCCCCCCCCCC(=O)O[C@]([H])(COC(=O)CCCCC\C=C/C\C=C/C\C=C/C\C=C/CCCCC)COP([O-])(=O)OCC[N+](C)(C)C,LKZIWAABXRQNGG-JAYRDFRFSA-N,C46H84NO8P,810.1348,809.593455181
HMDB0008627,"PC(22:4(7Z,10Z,13Z,16Z)/16:1(9Z))",CCCCCC\C=C/CCCCCCCC(=O)O[C@]([H])(COC(=O)CCCCC\C=C/C\C=C/C\C=C/C\C=C/CCCCC)COP([O-])(=O)OCC[N+](C)(C)C,STHWQCYHQJBDDB-SYONOARRSA-N,C46H82NO8P,808.1189,807.577805117
HMDB0008635,"PC(22:4(7Z,10Z,13Z,16Z)/20:0)",CCCCCCCCCCCCCCCCCCCC(=O)O[C@]([H])(COC(=O)CCCCC\C=C/C\C=C/C\C=C/C\C=C/CCCCC)COP([O-])(=O)OCC[N+](C)(C)C,MFAKYYBEUHGJJL-LFRGNPRBSA-N,C50H92NO8P,866.2411,865.656055437
HMDB0008652,"PC(22:4(7Z,10Z,13Z,16Z)/P-16:0)",CCCCCCCCCCCCCC\C=C/OC(COC(=O)CCCCC\C=C/C\C=C/C\C=C/C\C=C/CCCCC)COP([O-])(=O)OCC[N+](C)(C)C,QSCPZZNEQRYGTB-PZVMGWTJSA-N,C46H84NO7P,794.1354,793.598540559
HMDB0008656,"PC(22:5(4Z,7Z,10Z,13Z,16Z)/14:0)",CCCCCCCCCCCCCC(=O)O[C@]([H])(COC(=O)CC\C=C/C\C=C/C\C=C/C\C=C/C\C=C/CCCCC)COP([O-])(=O)OCC[N+](C)(C)C,AJLDCHCYUANNSO-WMUBFXSWSA-N,C44H78NO8P,780.0658,779.546504989
HMDB0008659,"PC(22:5(4Z,7Z,10Z,13Z,16Z)/16:0)",[H][C@@](COC(=O)CC\C=C/C\C=C/C\C=C/C\C=C/C\C=C/CCCCC)(COP([O-])(=O)OCC[N+](C)(C)C)OC(=O)CCCCCCCCCCCCCCC,BKMZEBCQEFQERC-RWWOECIPSA-N,C46H82NO8P,808.1189,807.577805117
HMDB0008660,"PC(22:5(4Z,7Z,10Z,13Z,16Z)/16:1(9Z))",CCCCCC\C=C/CCCCCCCC(=O)O[C@]([H])(COC(=O)CC\C=C/C\C=C/C\C=C/C\C=C/C\C=C/CCCCC)COP([O-])(=O)OCC[N+](C)(C)C,ZQVQZWAPLCJLRX-SCEKUSSYSA-N,C46H80NO8P,806.1031,805.562155053
HMDB0008685,"PC(22:5(4Z,7Z,10Z,13Z,16Z)/P-16:0)",CCCCCCCCCCCCCC\C=C/OC(COC(=O)CC\C=C/C\C=C/C\C=C/C\C=C/C\C=C/CCCCC)COP([O-])(=O)OCC[N+](C)(C)C,UXEPKPPWMGCZKG-MYZUPDLISA-N,C46H82NO7P,792.1195,791.582890495
HMDB0008689,"PC(22:5(7Z,10Z,13Z,16Z,19Z)/14:0)",CCCCCCCCCCCCCC(=O)O[C@]([H])(COC(=O)CCCCC\C=C/C\C=C/C\C=C/C\C=C/C\C=C/CC)COP([O-])(=O)OCC[N+](C)(C)C,LPZVTJRCWZIDNE-DYPKKMQZSA-N,C44H78NO8P,780.0658,779.546504989
HMDB0008692,"PC(22:5(7Z,10Z,13Z,16Z,19Z)/16:0)",CCCCCCCCCCCCCCCC(=O)O[C@]([H])(COC(=O)CCCCC\C=C/C\C=C/C\C=C/C\C=C/C\C=C/CC)COP([O-])(=O)OCC[N+](C)(C)C,ZEKZKKJDGPLPNX-WSRVZQLPSA-N,C46H82NO8P,808.1189,807.577805117
HMDB0008693,"PC(22:5(7Z,10Z,13Z,16Z,19Z)/16:1(9Z))",CCCCCC\C=C/CCCCCCCC(=O)O[C@]([H])(COC(=O)CCCCC\C=C/C\C=C/C\C=C/C\C=C/C\C=C/CC)COP([O-])(=O)OCC[N+](C)(C)C,XVZHRLZRCCOROP-CIWMBDKCSA-N,C46H80NO8P,806.1031,805.562155053
HMDB0008718,"PC(22:5(7Z,10Z,13Z,16Z,19Z)/P-16:0)",CCCCCCCCCCCCCC\C=C/OC(COC(=O)CCCCC\C=C/C\C=C/C\C=C/C\C=C/C\C=C/CC)COP([O-])(=O)OCC[N+](C)(C)C,NJQMYYBEWKAWBA-QROROJFCSA-N,C46H82NO7P,792.1195,791.582890495
HMDB0008725,"PC(22:6(4Z,7Z,10Z,13Z,16Z,19Z)/16:0)",CCCCCCCCCCCCCCCC(=O)O[C@]([H])(COC(=O)CC\C=C/C\C=C/C\C=C/C\C=C/C\C=C/C\C=C/CC)COP([O-])(=O)OCC[N+](C)(C)C,YALZVLCVXOASDL-FZGNBNATSA-N,C46H80NO8P,806.1031,805.562155053
HMDB0008751,"PC(22:6(4Z,7Z,10Z,13Z,16Z,19Z)/P-16:0)",CCCCCCCCCCCCCC\C=C/OC(COC(=O)CC\C=C/C\C=C/C\C=C/C\C=C/C\C=C/C\C=C/CC)COP([O-])(=O)OCC[N+](C)(C)C,GJRXIEGNAMFGOV-VEOGPPBOSA-N,C46H80NO7P,790.1037,789.567240431
HMDB0008761,PC(24:0/18:1(11Z)),CCCCCCCCCCCCCCCCCCCCCCCC(=O)OC[C@]([H])(COP([O-])(=O)OCC[N+](C)(C)C)OC(=O)CCCCCCCCC\C=C/CCCCCC,GHQRIAPHRZOTFN-IOVWWOAPSA-N,C50H98NO8P,872.2888,871.703005629
HMDB0008762,PC(24:0/18:1(9Z)),CCCCCCCCCCCCCCCCCCCCCCCC(=O)OC[C@]([H])(COP([O-])(=O)OCC[N+](C)(C)C)OC(=O)CCCCCCC\C=C/CCCCCCCC,RPFJUYGHQKYVGN-FQUFUIAJSA-N,C50H98NO8P,872.2888,871.703005629
HMDB0008763,"PC(24:0/18:2(9Z,12Z))",CCCCCCCCCCCCCCCCCCCCCCCC(=O)OC[C@]([H])(COP([O-])(=O)OCC[N+](C)(C)C)OC(=O)CCCCCCC\C=C/C\C=C/CCCCC,IIGQXTIUKKRHCT-WPYVRAPFSA-N,C50H96NO8P,870.2729,869.687355565
HMDB0008766,"PC(24:0/18:4(6Z,9Z,12Z,15Z))",CCCCCCCCCCCCCCCCCCCCCCCC(=O)OC[C@]([H])(COP([O-])(=O)OCC[N+](C)(C)C)OC(=O)CCCC\C=C/C\C=C/C\C=C/C\C=C/CC,IETKDEZWCHUMKL-XVZQVVRQSA-N,C50H92NO8P,866.2411,865.656055437
HMDB0008786,PC(24:0/P-18:1(11Z)),CCCCCCCCCCCCCCCCCCCCCCCC(=O)OCC(COP([O-])(=O)OCC[N+](C)(C)C)O\C=C/CCCCCCCC\C=C/CCCCCC,MWPRVEPTIHJPAL-KFEZRJJJSA-N,C50H98NO7P,856.2894,855.708091007
HMDB0008787,PC(24:0/P-18:1(9Z)),CCCCCCCCCCCCCCCCCCCCCCCC(=O)OCC(COP([O-])(=O)OCC[N+](C)(C)C)O\C=C/CCCCCC\C=C/CCCCCCCC,QALXUXWZWOUOFB-WIQZAVPASA-N,C50H98NO7P,856.2894,855.708091007
HMDB0008793,PC(24:1(15Z)/18:0),CCCCCCCCCCCCCCCCCC(=O)O[C@]([H])(COC(=O)CCCCCCCCCCCCC\C=C/CCCCCCCC)COP([O-])(=O)OCC[N+](C)(C)C,NNYLDFXNPQLQLU-RURDTVAGSA-N,C50H98NO8P,872.2888,871.703005629
HMDB0008794,PC(24:1(15Z)/18:1(11Z)),CCCCCCCC\C=C/CCCCCCCCCCCCCC(=O)OC[C@]([H])(COP([O-])(=O)OCC[N+](C)(C)C)OC(=O)CCCCCCCCC\C=C/CCCCCC,NHCQXAIWNWQNKC-PRTODFFFSA-N,C50H96NO8P,870.2729,869.687355565
HMDB0008795,PC(24:1(15Z)/18:1(9Z)),CCCCCCCC\C=C/CCCCCCCCCCCCCC(=O)OC[C@]([H])(COP([O-])(=O)OCC[N+](C)(C)C)OC(=O)CCCCCCC\C=C/CCCCCCCC,RYDOABFPJPYSFY-JXSZFMCPSA-N,C50H96NO8P,870.2729,869.687355565
HMDB0008797,"PC(24:1(15Z)/18:3(6Z,9Z,12Z))",CCCCCCCC\C=C/CCCCCCCCCCCCCC(=O)OC[C@]([H])(COP([O-])(=O)OCC[N+](C)(C)C)OC(=O)CCCC\C=C/C\C=C/C\C=C/CCCCC,GBIZLQLECZADGM-UDTGXXMFSA-N,C50H92NO8P,866.2411,865.656055437
HMDB0008798,"PC(24:1(15Z)/18:3(9Z,12Z,15Z))",CCCCCCCC\C=C/CCCCCCCCCCCCCC(=O)OC[C@]([H])(COP([O-])(=O)OCC[N+](C)(C)C)OC(=O)CCCCCCC\C=C/C\C=C/C\C=C/CC,OENQWPYNVSKSGJ-XRNMTXJFSA-N,C50H92NO8P,866.2411,865.656055437
HMDB0008818,PC(24:1(15Z)/P-18:0),CCCCCCCCCCCCCCCC\C=C/OC(COC(=O)CCCCCCCCCCCCC\C=C/CCCCCCCC)COP([O-])(=O)OCC[N+](C)(C)C,PGPURMZKEVWAFO-VMNSASLRSA-N,C50H98NO7P,856.2894,855.708091007
HMDB0008819,PC(24:1(15Z)/P-18:1(11Z)),CCCCCCCC\C=C/CCCCCCCCCCCCCC(=O)OCC(COP([O-])(=O)OCC[N+](C)(C)C)O\C=C/CCCCCCCC\C=C/CCCCCC,XUCRMKOOPPYQFN-JFKFTMGCSA-N,C50H96NO7P,854.2735,853.692440943
HMDB0008820,PC(24:1(15Z)/P-18:1(9Z)),CCCCCCCC\C=C/CCCCCCCCCCCCCC(=O)OCC(COP([O-])(=O)OCC[N+](C)(C)C)O\C=C/CCCCCC\C=C/CCCCCCCC,ZLQCRABYIDJNLT-AZPQEANBSA-N,C50H96NO7P,854.2735,853.692440943
HMDB0010169,SM(d18:1/16:0),[H][C@@](COP([O-])(=O)OCC[N+](C)(C)C)(NC(=O)CCCCCCCCCCCCCCC)[C@H](O)\C=C\CCCCCCCCCCCCC,RWKUXQNLWDTSLO-GWQJGLRPSA-N,C39H79N2O6P,703.0281,702.567574782
HMDB0010379,LysoPC(14:0/0:0),CCCCCCCCCCCCCC(=O)OC[C@@H](O)COP([O-])(=O)OCC[N+](C)(C)C,VXUOFDJKYGDUJI-OAQYLSRUSA-N,C22H46NO7P,467.5769,467.301189343
HMDB0010384,LysoPC(18:0/0:0),CCCCCCCCCCCCCCCCCC(=O)OC[C@@H](O)COP([O-])(=O)OCC[N+](C)(C)C,IHNKQIMGVNPMTC-RUZDIDTESA-N,C26H54NO7P,523.6832,523.363789599
HMDB0010395,LysoPC(20:4/0:0),CCCCC\C=C/C\C=C/C\C=C/C\C=C/CCCC(=O)OC[C@@H](O)COP([O-])(=O)OCC[N+](C)(C)C,LAXQYRRMGGEGOH-JXRLJXCWSA-N,C28H50NO7P,543.6729,543.332489471
HMDB0010396,"LysoPC(20:4(8Z,11Z,14Z,17Z)/0:0)",CC\C=C/C\C=C/C\C=C/C\C=C/CCCCCCC(=O)OC[C@](O)([H])COP([O-])(=O)OCC[N+](C)(C)C,GOMVPVRDBLLHQC-VEJNOCSESA-N,C28H50NO7P,543.6729,543.332489471
HMDB0011151,PC(O-34:2),CCCCCCCCCCCCCCCCOC[C@]([H])(COP([O-])(=O)OCC[N+](C)(C)C)OC(=O)CCCCCCC\C=C/C\C=C/CCCCC,IQACMFWAGALEAQ-WESJWMGVSA-N,C42H82NO7P,744.0767,743.582890495
HMDB0011178,Prolylglycine,OC(=O)CNC(=O)[C@@H]1CCCN1,RNKSNIBMTUYWSH-YFKPBYRVSA-N,C7H12N2O3,172.1818,172.08479226
HMDB0011206,PC(P-16:0/16:0),CCCCCCCCCCCCCCCC(=O)O[C@]([H])(CO\C=C/CCCCCCCCCCCCCC)COP([O-])(=O)OCC[N+](C)(C)C,PEWXKAOBUSBJLD-MCBGMKGZSA-N,C40H80NO7P,718.0395,717.567240431
HMDB0011209,PC(P-16:0/18:1(11Z)),CCCCCCCCCCCCCC\C=C/OC[C@]([H])(COP([O-])(=O)OCC[N+](C)(C)C)OC(=O)CCCCCCCCC\C=C/CCCCCC,MVDFTRYOOPZXII-JEPFLRBFSA-N,C42H82NO7P,744.0767,743.582890495
HMDB0011210,PC(P-16:0/18:1(9Z)),CCCCCCCCCCCCCC\C=C/OC[C@]([H])(COP([O-])(=O)OCC[N+](C)(C)C)OC(=O)CCCCCCC\C=C/CCCCCCCC,CRBBMHQTIAELIS-KQBBALDBSA-N,C42H82NO7P,744.0767,743.582890495
HMDB0011211,"PC(P-16:0/18:2(9Z,12Z))",CCCCCCCCCCCCCC\C=C/OC[C@]([H])(COP([O-])(=O)OCC[N+](C)(C)C)OC(=O)CCCCCCC\C=C/C\C=C/CCCCC,QLEHHUPUHJPURI-PWYDUFMYSA-N,C42H80NO7P,742.0609,741.567240431
HMDB0011212,"PC(P-16:0/18:3(6Z,9Z,12Z))",CCCCCCCCCCCCCC\C=C/OC[C@@]([H])(COP([O-])(=O)OCC[N+](C)(C)C)OC(=O)CCCC\C=C/C\C=C/C\C=C/CCCCC,MNOGOEJZCHBAEJ-LGHFGPIWSA-N,C42H78NO7P,740.045,739.551590367
HMDB0011213,"PC(P-16:0/18:3(9Z,12Z,15Z))",CCCCCCCCCCCCCC\C=C/OC[C@]([H])(COP([O-])(=O)OCC[N+](C)(C)C)OC(=O)CCCCCCC\C=C/C\C=C/C\C=C/CC,WXQJKOUXCWEMOK-LUPMRSKMSA-N,C42H78NO7P,740.045,739.551590367
HMDB0011214,"PC(P-16:0/18:4(6Z,9Z,12Z,15Z))",CCCCCCCCCCCCCC\C=C/OC[C@]([H])(COP([O-])(=O)OCC[N+](C)(C)C)OC(=O)CCCC\C=C/C\C=C/C\C=C/C\C=C/CC,DFANIYFZNIJQEP-FAVOOIQCSA-N,C42H76NO7P,738.0291,737.535940303
HMDB0011216,PC(P-16:0/20:1(11Z)),CCCCCCCCCCCCCC\C=C/OC[C@]([H])(COP([O-])(=O)OCC[N+](C)(C)C)OC(=O)CCCCCCCCC\C=C/CCCCCCCC,WXILBCFZIXHZIG-KOUVQCMKSA-N,C44H86NO7P,772.1299,771.614190623
HMDB0011217,"PC(P-16:0/20:2(11Z,14Z))",CCCCCCCCCCCCCC\C=C/OC[C@]([H])(COP([O-])(=O)OCC[N+](C)(C)C)OC(=O)CCCCCCCCC\C=C/C\C=C/CCCCC,DORCYMODRHDYER-VTLIZAISSA-N,C44H84NO7P,770.114,769.598540559
HMDB0011218,"PC(P-16:0/20:3(5Z,8Z,11Z))",CCCCCCCCCCCCCC\C=C/OCC(COP([O-])(=O)OCC[N+](C)(C)C)OC(=O)CCC\C=C/C\C=C/C\C=C/CCCCCCCC,XWYIIYJIVUGRQE-YDGSBDHOSA-N,C44H82NO7P,768.0981,767.582890495
HMDB0011219,"PC(P-16:0/20:3(8Z,11Z,14Z))",CCCCCCCCCCCCCC\C=C/OCC(COP([O-])(=O)OCC[N+](C)(C)C)OC(=O)CCCCCC\C=C/C\C=C/C\C=C/CCCCC,SWWXTMWKIUVGCD-NXTBAPBJSA-N,C44H82NO7P,768.0981,767.582890495
HMDB0011221,"PC(P-16:0/20:4(8Z,11Z,14Z,17Z))",CCCCCCCCCCCCCC\C=C/OC[C@]([H])(COP([O-])(=O)OCC[N+](C)(C)C)OC(=O)CCCCCC\C=C/C\C=C/C\C=C/C\C=C/CC,FYYVVICAMXUASI-YEHIGFSXSA-N,C44H80NO7P,766.0823,765.567240431
HMDB0011226,"PC(P-16:0/22:4(7Z,10Z,13Z,16Z))",CCCCCCCCCCCCCC\C=C/OCC(COP([O-])(=O)OCC[N+](C)(C)C)OC(=O)CCCCC\C=C/C\C=C/C\C=C/C\C=C/CCCCC,DQZNSYOOQMCBDC-PZVMGWTJSA-N,C46H84NO7P,794.1354,793.598540559
HMDB0011227,"PC(P-16:0/22:5(4Z,7Z,10Z,13Z,16Z))",CCCCCCCCCCCCCC\C=C/OC[C@]([H])(COP([O-])(=O)OCC[N+](C)(C)C)OC(=O)CC\C=C/C\C=C/C\C=C/C\C=C/C\C=C/CCCCC,FAKYQMLQEAQOLK-LHZZQLRFSA-N,C46H82NO7P,792.1195,791.582890495
HMDB0011229,"PC(P-16:0/22:6(4Z,7Z,10Z,13Z,16Z,19Z))",CCCCCCCCCCCCCC\C=C/OCC(COP([O-])(=O)OCC[N+](C)(C)C)OC(=O)CC\C=C/C\C=C/C\C=C/C\C=C/C\C=C/C\C=C/CC,QICWUUGBNFIZAZ-VEOGPPBOSA-N,C46H80NO7P,790.1037,789.567240431
HMDB0011232,PC(P-16:0/P-16:0),[H][C@@](CO\C=C/CCCCCCCCCCCCCC)(COP([O-])(=O)OCC[N+](C)(C)C)O\C=C/CCCCCCCCCCCCCC,VKQPPRFFLYKMPX-JIRBQVQQSA-N,C40H80NO6P,702.055,701.572326298
HMDB0011234,PC(P-16:0/P-18:1(11Z)),[H][C@@](CO\C=C/CCCCCCCCCCCCCC)(COP([O-])(=O)OCC[N+](C)(C)C)O\C=C/CCCCCCCC\C=C/CCCCCC,OKKXTXQOJMLVPP-JLFFLFAUSA-N,C42H82NO6P,728.093,727.587976362
HMDB0011235,PC(P-16:0/P-18:1(9Z)),[H][C@@](CO\C=C/CCCCCCCCCCCCCC)(COP([O-])(=O)OCC[N+](C)(C)C)O\C=C/CCCCCC\C=C/CCCCCCCC,XNZRITUHRJESOL-BCZCSWKFSA-N,C42H82NO6P,728.093,727.587976362
HMDB0011236,PC(P-18:0/14:0),CCCCCCCCCCCCCCCC\C=C/OC[C@]([H])(COP([O-])(=O)OCC[N+](C)(C)C)OC(=O)CCCCCCCCCCCCC,DUKGKTNZVUHGNM-MCBGMKGZSA-N,C40H80NO7P,718.0395,717.567240431
HMDB0011240,PC(P-18:0/16:1(9Z)),CCCCCCCCCCCCCCCC\C=C/OC[C@]([H])(COP([O-])(=O)OCC[N+](C)(C)C)OC(=O)CCCCCCC\C=C/CCCCCC,KMNVIRCHUMQGHD-RCINKDPXSA-N,C42H82NO7P,744.0767,743.582890495
HMDB0011242,PC(P-18:0/18:1(11Z)),CCCCCCCCCCCCCCCC\C=C/OC[C@]([H])(COP([O-])(=O)OCC[N+](C)(C)C)OC(=O)CCCCCCCCC\C=C/CCCCCC,JDTHSYITWRQVSV-CESBNGMCSA-N,C44H86NO7P,772.1299,771.614190623
HMDB0011243,PC(P-18:0/18:1(9Z)),CCCCCCCCCCCCCCCC\C=C/OC[C@]([H])(COP([O-])(=O)OCC[N+](C)(C)C)OC(=O)CCCCCCC\C=C/CCCCCCCC,DSWOVBIRJNAJAF-NVJOKYTBSA-N,C44H86NO7P,772.1299,771.614190623
HMDB0011244,"PC(P-18:0/18:2(9Z,12Z))",CCCCCCCCCCCCCCCC\C=C/OC[C@]([H])(COP([O-])(=O)OCC[N+](C)(C)C)OC(=O)CCCCCCC\C=C/C\C=C/CCCCC,PWPOLLAYFXIWOQ-PXSMKGAESA-N,C44H84NO7P,770.114,769.598540559
HMDB0011245,"PC(P-18:0/18:3(6Z,9Z,12Z))",CCCCCCCCCCCCCCCC\C=C/OC[C@]([H])(COP([O-])(=O)OCC[N+](C)(C)C)OC(=O)CCCC\C=C/C\C=C/C\C=C/CCCCC,QQZAQKGMSREYHF-KDEBBMLKSA-N,C44H82NO7P,768.0981,767.582890495
HMDB0011246,"PC(P-18:0/18:3(9Z,12Z,15Z))",CCCCCCCCCCCCCCCC\C=C/OCC(COP([O-])(=O)OCC[N+](C)(C)C)OC(=O)CCCCCCC\C=C/C\C=C/C\C=C/CC,PYVYDRMXPDZRIS-FINMKEMFSA-N,C44H82NO7P,768.0981,767.582890495
HMDB0011247,"PC(P-18:0/18:4(6Z,9Z,12Z,15Z))",CCCCCCCCCCCCCCCC\C=C/OC[C@]([H])(COP([O-])(=O)OCC[N+](C)(C)C)OC(=O)CCCC\C=C/C\C=C/C\C=C/C\C=C/CC,KDEGUFHTTWTTCT-XMVXZYCSSA-N,C44H80NO7P,766.0823,765.567240431
HMDB0011251,"PC(P-18:0/20:3(5Z,8Z,11Z))",CCCCCCCCCCCCCCCC\C=C/OC[C@]([H])(COP([O-])(=O)OCC[N+](C)(C)C)OC(=O)CCC\C=C/C\C=C/C\C=C/CCCCCCCC,GDXHWAGFLXXWJB-FJXNGXPBSA-N,C46H86NO7P,796.1513,795.614190623
HMDB0011252,"PC(P-18:0/20:3(8Z,11Z,14Z))",CCCCCCCCCCCCCCCC\C=C/OC[C@]([H])(COP([O-])(=O)OCC[N+](C)(C)C)OC(=O)CCCCCC\C=C/C\C=C/C\C=C/CCCCC,LIRPHCPLRLOMHJ-ABWFFGIPSA-N,C46H86NO7P,796.1513,795.614190623
HMDB0011253,"PC(P-18:0/20:4(5Z,8Z,11Z,14Z))",CCCCCCCCCCCCCCCC\C=C/OC[C@]([H])(COP([O-])(=O)OCC[N+](C)(C)C)OC(=O)CCC\C=C/C\C=C/C\C=C/C\C=C/CCCCC,FHHVIBPVBBRLOR-IYACIECVSA-N,C46H84NO7P,794.1354,793.598540559
HMDB0011254,"PC(P-18:0/20:4(8Z,11Z,14Z,17Z))",CCCCCCCCCCCCCCCC\C=C/OCC(COP([O-])(=O)OCC[N+](C)(C)C)OC(=O)CCCCCC\C=C/C\C=C/C\C=C/C\C=C/CC,YPAPIRJFGNBODV-AMFPDOHCSA-N,C46H84NO7P,794.1354,793.598540559
HMDB0011255,"PC(P-18:0/20:5(5Z,8Z,11Z,14Z,17Z))",CCCCCCCCCCCCCCCC\C=C/OC[C@]([H])(COP([O-])(=O)OCC[N+](C)(C)C)OC(=O)CCC\C=C/C\C=C/C\C=C/C\C=C/C\C=C/CC,JUCWIWDODRNWRN-REKGFNPQSA-N,C46H82NO7P,792.1195,791.582890495
HMDB0011264,PC(P-18:0/24:1(15Z)),CCCCCCCCCCCCCCCC\C=C/OC[C@]([H])(COP([O-])(=O)OCC[N+](C)(C)C)OC(=O)CCCCCCCCCCCCC\C=C/CCCCCCCC,FBDSXWIHBJVKBS-LFSKQVNVSA-N,C50H98NO7P,856.2894,855.708091007
HMDB0011267,PC(P-18:0/P-18:1(11Z)),[H][C@@](CO\C=C/CCCCCCCCCCCCCCCC)(COP([O-])(=O)OCC[N+](C)(C)C)O\C=C/CCCCCCCC\C=C/CCCCCC,DEVPFGKZYDKHPW-HAZBOWNZSA-N,C44H86NO6P,756.147,755.619276491
HMDB0011268,PC(P-18:0/P-18:1(9Z)),[H][C@@](CO\C=C/CCCCCCCCCCCCCCCC)(COP([O-])(=O)OCC[N+](C)(C)C)O\C=C/CCCCCC\C=C/CCCCCCCC,WMOITMSBEGXTBM-XFCCLYIASA-N,C44H86NO6P,756.147,755.619276491
HMDB0011272,PC(P-18:1(11Z)/16:0),CCCCCCCCCCCCCCCC(=O)OC(CO\C=C/CCCCCCCC\C=C/CCCCCC)COP([O-])(=O)OCC[N+](C)(C)C,MBRHHFWRXQYYAN-RTVLTNFHSA-N,C42H82NO7P,744.0767,743.582890495
HMDB0011273,PC(P-18:1(11Z)/16:1(9Z)),CCCCCC\C=C/CCCCCCCC\C=C/OC[C@]([H])(COP([O-])(=O)OCC[N+](C)(C)C)OC(=O)CCCCCCC\C=C/CCCCCC,MKSPXEKLAWXUQB-YZISGTAMSA-N,C42H80NO7P,742.0609,741.567240431
HMDB0011274,PC(P-18:1(11Z)/18:0),CCCCCCCCCCCCCCCCCC(=O)O[C@]([H])(CO\C=C/CCCCCCCC\C=C/CCCCCC)COP([O-])(=O)OCC[N+](C)(C)C,JYHADTSONAUXLU-NMAVXMHBSA-N,C44H86NO7P,772.1299,771.614190623
HMDB0011275,PC(P-18:1(11Z)/18:1(11Z)),CCCCCC\C=C/CCCCCCCCCC(=O)O[C@]([H])(CO\C=C/CCCCCCCC\C=C/CCCCCC)COP([O-])(=O)OCC[N+](C)(C)C,SOSODLPIZNSISY-WDMTWABASA-N,C44H84NO7P,770.114,769.598540559
HMDB0011276,PC(P-18:1(11Z)/18:1(9Z)),CCCCCCCC\C=C/CCCCCCCC(=O)O[C@]([H])(CO\C=C/CCCCCCCC\C=C/CCCCCC)COP([O-])(=O)OCC[N+](C)(C)C,AUUCOMCTAAUNNA-ASBBCAPCSA-N,C44H84NO7P,770.114,769.598540559
HMDB0011277,"PC(P-18:1(11Z)/18:2(9Z,12Z))",CCCCCC\C=C/CCCCCCCC\C=C/OC[C@]([H])(COP([O-])(=O)OCC[N+](C)(C)C)OC(=O)CCCCCCC\C=C/C\C=C/CCCCC,ABOXWZCNWOBUEO-DNRJJOHKSA-N,C44H82NO7P,768.0981,767.582890495
HMDB0011278,"PC(P-18:1(11Z)/18:3(6Z,9Z,12Z))",CCCCCC\C=C/CCCCCCCC\C=C/OCC(COP([O-])(=O)OCC[N+](C)(C)C)OC(=O)CCCC\C=C/C\C=C/C\C=C/CCCCC,RWVKPDIHPPTVRQ-HWGQMOSASA-N,C44H80NO7P,766.0823,765.567240431
HMDB0011279,"PC(P-18:1(11Z)/18:3(9Z,12Z,15Z))",CCCCCC\C=C/CCCCCCCC\C=C/OCC(COP([O-])(=O)OCC[N+](C)(C)C)OC(=O)CCCCCCC\C=C/C\C=C/C\C=C/CC,JPNFMUKASUYGCK-ZXWSQSGJSA-N,C44H80NO7P,766.0823,765.567240431
HMDB0011280,"PC(P-18:1(11Z)/18:4(6Z,9Z,12Z,15Z))",CCCCCC\C=C/CCCCCCCC\C=C/OC[C@]([H])(COP([O-])(=O)OCC[N+](C)(C)C)OC(=O)CCCC\C=C/C\C=C/C\C=C/C\C=C/CC,DBMSAJFSJLCYLI-YAYDGDQKSA-N,C44H78NO7P,764.0664,763.551590367
HMDB0011283,"PC(P-18:1(11Z)/20:2(11Z,14Z))",CCCCCC\C=C/CCCCCCCC\C=C/OC[C@]([H])(COP([O-])(=O)OCC[N+](C)(C)C)OC(=O)CCCCCCCCC\C=C/C\C=C/CCCCC,HIXAZEWYTJZKID-PYOQPOKHSA-N,C46H86NO7P,796.1513,795.614190623
HMDB0011284,"PC(P-18:1(11Z)/20:3(5Z,8Z,11Z))",CCCCCCCC\C=C/C\C=C/C\C=C/CCCC(=O)OC(CO\C=C/CCCCCCCC\C=C/CCCCCC)COP([O-])(=O)OCC[N+](C)(C)C,DYFGXBAIDOATAE-DSLLYOFSSA-N,C46H84NO7P,794.1354,793.598540559
HMDB0011285,"PC(P-18:1(11Z)/20:3(8Z,11Z,14Z))",CCCCCC\C=C/CCCCCCCC\C=C/OC[C@]([H])(COP([O-])(=O)OCC[N+](C)(C)C)OC(=O)CCCCCC\C=C/C\C=C/C\C=C/CCCCC,DBQMOXDLWKVKKG-REWQMPQJSA-N,C46H84NO7P,794.1354,793.598540559
HMDB0011286,"PC(P-18:1(11Z)/20:4(5Z,8Z,11Z,14Z))",CCCCCC\C=C/CCCCCCCC\C=C/OC[C@]([H])(COP([O-])(=O)OCC[N+](C)(C)C)OC(=O)CCC\C=C/C\C=C/C\C=C/C\C=C/CCCCC,HFQNRECNIUNPMU-PAAZZWMASA-N,C46H82NO7P,792.1195,791.582890495
HMDB0011287,"PC(P-18:1(11Z)/20:4(8Z,11Z,14Z,17Z))",CCCCCC\C=C/CCCCCCCC\C=C/OC[C@]([H])(COP([O-])(=O)OCC[N+](C)(C)C)OC(=O)CCCCCC\C=C/C\C=C/C\C=C/C\C=C/CC,HPXHHJRUVZWLFU-BKTRUPHPSA-N,C46H82NO7P,792.1195,791.582890495
HMDB0011288,"PC(P-18:1(11Z)/20:5(5Z,8Z,11Z,14Z,17Z))",CCCCCC\C=C/CCCCCCCC\C=C/OC[C@]([H])(COP([O-])(=O)OCC[N+](C)(C)C)OC(=O)CCC\C=C/C\C=C/C\C=C/C\C=C/C\C=C/CC,FJKJTTCPLFXVEB-VRIHKRKTSA-N,C46H80NO7P,790.1037,789.567240431
HMDB0011296,PC(P-18:1(11Z)/24:0),CCCCCCCCCCCCCCCCCCCCCCCC(=O)O[C@]([H])(CO\C=C/CCCCCCCC\C=C/CCCCCC)COP([O-])(=O)OCC[N+](C)(C)C,FKJFQKGICJZAJQ-XWKRXFSPSA-N,C50H98NO7P,856.2894,855.708091007
HMDB0011297,PC(P-18:1(11Z)/24:1(15Z)),CCCCCCCC\C=C/CCCCCCCCCCCCCC(=O)O[C@]([H])(CO\C=C/CCCCCCCC\C=C/CCCCCC)COP([O-])(=O)OCC[N+](C)(C)C,JSYLSPXKJLUURP-AGCBSNCXSA-N,C50H96NO7P,854.2735,853.692440943
HMDB0011298,PC(P-18:1(11Z)/P-16:0),[H][C@@](CO\C=C/CCCCCCCC\C=C/CCCCCC)(COP([O-])(=O)OCC[N+](C)(C)C)O\C=C/CCCCCCCCCCCCCC,XLEOVOQTBCNRSS-JLFFLFAUSA-N,C42H82NO6P,728.093,727.587976362
HMDB0011299,PC(P-18:1(11Z)/P-18:0),[H][C@@](CO\C=C/CCCCCCCC\C=C/CCCCCC)(COP([O-])(=O)OCC[N+](C)(C)C)O\C=C/CCCCCCCCCCCCCCCC,QZOQBILZVZLLKA-VXUWBODBSA-N,C44H86NO6P,756.147,755.619276491
HMDB0011300,PC(P-18:1(11Z)/P-18:1(11Z)),[H][C@@](CO\C=C/CCCCCCCC\C=C/CCCCCC)(COP([O-])(=O)OCC[N+](C)(C)C)O\C=C/CCCCCCCC\C=C/CCCCCC,LTQBTADUGKSCOZ-WRCNLVTNSA-N,C44H84NO6P,754.131,753.603626427
HMDB0011301,PC(P-18:1(11Z)/P-18:1(9Z)),[H][C@@](CO\C=C/CCCCCCCC\C=C/CCCCCC)(COP([O-])(=O)OCC[N+](C)(C)C)O\C=C/CCCCCC\C=C/CCCCCCCC,IGBGWQZLCURPQD-JNWNPKLHSA-N,C44H84NO6P,754.131,753.603626427
HMDB0011305,PC(P-18:1(9Z)/16:0),CCCCCCCCCCCCCCCC(=O)O[C@]([H])(CO\C=C/CCCCCC\C=C/CCCCCCCC)COP([O-])(=O)OCC[N+](C)(C)C,IWCUEZYKNAGNRQ-ILDAMNDZSA-N,C42H82NO7P,744.0767,743.582890495
HMDB0011306,PC(P-18:1(9Z)/16:1(9Z)),CCCCCCCC\C=C/CCCCCC\C=C/OC[C@]([H])(COP([O-])(=O)OCC[N+](C)(C)C)OC(=O)CCCCCCC\C=C/CCCCCC,SUJRZRVPVIAXCE-PYRHUWMFSA-N,C42H80NO7P,742.0609,741.567240431
HMDB0011307,PC(P-18:1(9Z)/18:0),CCCCCCCCCCCCCCCCCC(=O)O[C@]([H])(CO\C=C/CCCCCC\C=C/CCCCCCCC)COP([O-])(=O)OCC[N+](C)(C)C,ZOTYCHIFTCFAHC-KOUVQCMKSA-N,C44H86NO7P,772.1299,771.614190623
HMDB0011308,PC(P-18:1(9Z)/18:1(11Z)),CCCCCCCC\C=C/CCCCCC\C=C/OC[C@]([H])(COP([O-])(=O)OCC[N+](C)(C)C)OC(=O)CCCCCCCCC\C=C/CCCCCC,PQIJYJGVCKCIRT-YLCPJMBASA-N,C44H84NO7P,770.114,769.598540559
HMDB0011309,PC(P-18:1(9Z)/18:1(9Z)),CCCCCCCC\C=C/CCCCCCCC(=O)O[C@]([H])(CO\C=C/CCCCCC\C=C/CCCCCCCC)COP([O-])(=O)OCC[N+](C)(C)C,DIHWZUCEXWUHOD-IIVNATNGSA-N,C44H84NO7P,770.114,769.598540559
HMDB0011310,"PC(P-18:1(9Z)/18:2(9Z,12Z))",CCCCCCCC\C=C/CCCCCC\C=C/OC[C@]([H])(COP([O-])(=O)OCC[N+](C)(C)C)OC(=O)CCCCCCC\C=C/C\C=C/CCCCC,GCJSAIGGRCSHDG-UWGOCUKWSA-N,C44H82NO7P,768.0981,767.582890495
HMDB0011311,"PC(P-18:1(9Z)/18:3(6Z,9Z,12Z))",CCCCCCCC\C=C/CCCCCC\C=C/OC[C@]([H])(COP([O-])(=O)OCC[N+](C)(C)C)OC(=O)CCCC\C=C/C\C=C/C\C=C/CCCCC,UMVUERLCXMUMBK-DSXXCHKPSA-N,C44H80NO7P,766.0823,765.567240431
HMDB0011312,"PC(P-18:1(9Z)/18:3(9Z,12Z,15Z))",CCCCCCCC\C=C/CCCCCC\C=C/OC[C@]([H])(COP([O-])(=O)OCC[N+](C)(C)C)OC(=O)CCCCCCC\C=C/C\C=C/C\C=C/CC,ACSIRQPNAYTBRW-CBOVKQJBSA-N,C44H80NO7P,766.0823,765.567240431
HMDB0011313,"PC(P-18:1(9Z)/18:4(6Z,9Z,12Z,15Z))",CCCCCCCC\C=C/CCCCCC\C=C/OC[C@]([H])(COP([O-])(=O)OCC[N+](C)(C)C)OC(=O)CCCC\C=C/C\C=C/C\C=C/C\C=C/CC,UMDQTGZSPMWPID-CYNKDJQJSA-N,C44H78NO7P,764.0664,763.551590367
HMDB0011316,"PC(P-18:1(9Z)/20:2(11Z,14Z))",CCCCCCCC\C=C/CCCCCC\C=C/OC[C@]([H])(COP([O-])(=O)OCC[N+](C)(C)C)OC(=O)CCCCCCCCC\C=C/C\C=C/CCCCC,GWBOVQHRCURSPU-QMFAPAEZSA-N,C46H86NO7P,796.1513,795.614190623
HMDB0011317,"PC(P-18:1(9Z)/20:3(5Z,8Z,11Z))",CCCCCCCC\C=C/CCCCCC\C=C/OC[C@]([H])(COP([O-])(=O)OCC[N+](C)(C)C)OC(=O)CCC\C=C/C\C=C/C\C=C/CCCCCCCC,CJYQPRLJFDUQJN-XDCBNNJESA-N,C46H84NO7P,794.1354,793.598540559
HMDB0011318,"PC(P-18:1(9Z)/20:3(8Z,11Z,14Z))",CCCCCCCC\C=C/CCCCCC\C=C/OC[C@]([H])(COP([O-])(=O)OCC[N+](C)(C)C)OC(=O)CCCCCC\C=C/C\C=C/C\C=C/CCCCC,MTMYCMNVROYPNG-URFJOBLASA-N,C46H84NO7P,794.1354,793.598540559
HMDB0011319,"PC(P-18:1(9Z)/20:4(5Z,8Z,11Z,14Z))",CCCCCCCC\C=C/CCCCCC\C=C/OC[C@]([H])(COP([O-])(=O)OCC[N+](C)(C)C)OC(=O)CCC\C=C/C\C=C/C\C=C/C\C=C/CCCCC,HNUHLIYPMNZVJJ-HCMWKDOBSA-N,C46H82NO7P,792.1195,791.582890495
HMDB0011320,"PC(P-18:1(9Z)/20:4(8Z,11Z,14Z,17Z))",CCCCCCCC\C=C/CCCCCC\C=C/OC[C@]([H])(COP([O-])(=O)OCC[N+](C)(C)C)OC(=O)CCCCCC\C=C/C\C=C/C\C=C/C\C=C/CC,KMIAOCFPRZDKBX-NDLZGGRQSA-N,C46H82NO7P,792.1195,791.582890495
HMDB0011321,"PC(P-18:1(9Z)/20:5(5Z,8Z,11Z,14Z,17Z))",CCCCCCCC\C=C/CCCCCC\C=C/OCC(COP([O-])(=O)OCC[N+](C)(C)C)OC(=O)CCC\C=C/C\C=C/C\C=C/C\C=C/C\C=C/CC,ZODCGHWSTRZXKA-HALYXBRLSA-N,C46H80NO7P,790.1037,789.567240431
HMDB0011329,PC(P-18:1(9Z)/24:0),CCCCCCCCCCCCCCCCCCCCCCCC(=O)O[C@]([H])(CO\C=C/CCCCCC\C=C/CCCCCCCC)COP([O-])(=O)OCC[N+](C)(C)C,GJCSGDXRDRUPGA-NOOMALMASA-N,C50H98NO7P,856.2894,855.708091007
HMDB0011330,PC(P-18:1(9Z)/24:1(15Z)),CCCCCCCC\C=C/CCCCCCCCCCCCCC(=O)O[C@]([H])(CO\C=C/CCCCCC\C=C/CCCCCCCC)COP([O-])(=O)OCC[N+](C)(C)C,MHYVCIAEFGWAIU-SKTGCJPMSA-N,C50H96NO7P,854.2735,853.692440943
HMDB0011331,PC(P-18:1(9Z)/P-16:0),[H][C@@](CO\C=C/CCCCCC\C=C/CCCCCCCC)(COP([O-])(=O)OCC[N+](C)(C)C)O\C=C/CCCCCCCCCCCCCC,DKCXAWVKSPBFRB-BCZCSWKFSA-N,C42H82NO6P,728.093,727.587976362
HMDB0011332,PC(P-18:1(9Z)/P-18:0),[H][C@@](CO\C=C/CCCCCC\C=C/CCCCCCCC)(COP([O-])(=O)OCC[N+](C)(C)C)O\C=C/CCCCCCCCCCCCCCCC,YJTJKQOTVSAOSY-NZPQLVOLSA-N,C44H86NO6P,756.147,755.619276491
HMDB0011333,PC(P-18:1(9Z)/P-18:1(11Z)),[H][C@@](CO\C=C/CCCCCC\C=C/CCCCCCCC)(COP([O-])(=O)OCC[N+](C)(C)C)O\C=C/CCCCCCCC\C=C/CCCCCC,AONWYGCJCICSCF-UVRXSTQASA-N,C44H84NO6P,754.131,753.603626427
HMDB0011334,PC(P-18:1(9Z)/P-18:1(9Z)),[H][C@@](CO\C=C/CCCCCC\C=C/CCCCCCCC)(COP([O-])(=O)OCC[N+](C)(C)C)O\C=C/CCCCCC\C=C/CCCCCCCC,WBQMXDUFWFHART-DZZHLSRZSA-N,C44H84NO6P,754.131,753.603626427
HMDB0011469,2-Butanol,CCC(C)O,BTANRVKWQNVYAZ-UHFFFAOYSA-N,C4H10O,74.1216,74.073164942
HMDB0011619,Arachidyl alcohol,CCCCCCCCCCCCCCCCCCCCO,BTFJIXJJCSYFAL-UHFFFAOYSA-N,C20H42O,298.5469,298.323565966
HMDB0011623,Decanal,CCCCCCCCCC=O,KSMVZQYAVGTKIV-UHFFFAOYSA-N,C10H20O,156.2652,156.151415262
HMDB0011625,Dimethylarsinic acid,C[As](C)(O)=O,OGGXGZAMXPVRFZ-UHFFFAOYSA-N,C2H7AsO2,137.9974,137.966200885
HMDB0011626,Dodecanol,CCCCCCCCCCCCO,LQZZUXJYWNFBMV-UHFFFAOYSA-N,C12H26O,186.3342,186.198365454
HMDB0011635,p-Cresol sulfate,CC1=CC=C(OS(O)(=O)=O)C=C1,WGNAKZGUSRVWRH-UHFFFAOYSA-N,C7H8O4S,188.201,188.014329434
HMDB0011697,SM(d18:1/24:0),[H][C@@](COP([O-])(=O)OCC[N+](C)(C)C)(NC(=O)CCCCCCCCCCCCCCCCCCCCCCC)[C@H](O)\C=C\CCCCCCCCCCCCC,QEDPUVGSSDPBMD-XTAIVQBESA-N,C47H95N2O6P,815.259,814.692775785
HMDB0011724,4-Hydroxybenzyl alcohol,OCC1=CC=C(O)C=C1,BVJSUAQZOZWCKN-UHFFFAOYSA-N,C7H8O2,124.1372,124.0524295
HMDB0011733,Glycyl-glycine,NCC(=O)NCC(O)=O,YMAWOPBAYDPSLA-UHFFFAOYSA-N,C4H8N2O3,132.1179,132.053492132
HMDB0011745,N-Acetyl-L-methionine,CSCC[C@H](NC(C)=O)C(O)=O,XUYPXLNMDZIRQH-LURJTMIESA-N,C7H13NO3S,191.248,191.061613977
HMDB0011749,2-Piperidinone,O=C1CCCCN1,XUWHAWMETYGRKB-UHFFFAOYSA-N,C5H9NO,99.1311,99.068413915
HMDB0011756,N-Acetyl-Leu,CC(C)C[C@H](NC(C)=O)C(O)=O,WXNXCEHXYPACJF-ZETCQYMHSA-N,C8H15NO3,173.2096,173.105193351
HMDB0012101,SM(d18:1/18:1(9Z)),CCCCCCCCCCCCC\C=C\[C@@H](O)[C@H](COP([O-])(=O)OCC[N+](C)(C)C)NC(=O)CCCCCCC\C=C/CCCCCCCC,NBEADXWAAWCCDG-QDDWGVBQSA-N,C41H81N2O6P,729.0654,728.583224846
HMDB0012107,SM(d18:1/24:1),CCCCCCCCCCCCC\C=C\[C@@H](O)[C@H](COP([O-])(=O)OCC[N+](C)(C)C)NC(=O)CCCCCCCCCCCCC\C=C/CCCCCCCC,WKZHECFHXLTOLJ-QYKFWSDSSA-N,C47H93N2O6P,813.2249,812.67712523
HMDB0012136,1-Amino-propan-2-ol,CC(O)CN,HXKKHQJGJAFBHI-UHFFFAOYSA-N,C3H9NO,75.1097,75.068413915
HMDB0012141,"(R)-2,3-Dihydroxy-isovalerate",CC(C)(O)[C@@H](O)C(O)=O,JTEYKUFKXGDTEU-VKHMYHEASA-N,C5H10O4,134.1305,134.057908808
HMDB0012154,3-Dehydrocarnitine,C[N+](C)(C)CC(=O)CC([O-])=O,YNOWULSFLVIUDH-UHFFFAOYSA-N,C7H13NO3,159.183,159.089543287
HMDB0012308,Vanillin,COC1=CC(C=O)=CC=C1O,MWOOGOJBHIARFG-UHFFFAOYSA-N,C8H8O3,152.1473,152.047344122
HMDB0012328,Palmitelaidic acid,CCCCCC\C=C\CCCCCCCC(O)=O,SECPZKHBENQXJG-BQYQJAHWSA-N,C16H30O2,254.4082,254.224580204
HMDB0012843,6-Hydroxyhexanoic acid,OCCCCCC(O)=O,IWHLYPDWHHPVAA-UHFFFAOYSA-N,C6H12O3,132.1577,132.07864425
HMDB0012971,1-Hexanol,CCCCCCO,ZSIAUFGUXNUGDI-UHFFFAOYSA-N,C6H14O,102.1748,102.10446507
HMDB0013036,1-Pentanol,CCCCCO,AMQJEAYHLZJPGS-UHFFFAOYSA-N,C5H12O,88.1482,88.088815006
HMDB0013124,Propenoylcarnitine,C[N+](C)(C)C[C@H](CC([O-])=O)OC(=O)C=C,YUCNWOKTRWJLGY-QMMMGPOBSA-N,C10H17NO4,215.2463,215.115758037
HMDB0013131,3-Hydroxyhexanoylcarnitine,CCC[C@H](O)CC(=O)O[C@H](CC([O-])=O)C[N+](C)(C)C,VYEONLJQPYRKAN-WDEREUQCSA-N,C13H25NO5,275.345,275.173272909
HMDB0013302,Phenylalanylphenylalanine,N[C@@H](CC1=CC=CC=C1)C(=O)N[C@@H](CC1=CC=CC=C1)C(O)=O,GKZIWHRNKRBEOH-HOTGVXAUSA-N,C18H20N2O3,312.369,312.147392512
HMDB0013334,"9,12-Hexadecadienoylcarnitine",CCC\C=C/C\C=C/CCCCCCCC(=O)O[C@H](CC(O)=O)C[N+](C)(C)C,CMVGCHSJDXKPBB-ROVXQSMVSA-O,C23H42NO4,396.591,396.310835257
HMDB0013404,PC(O-32:1),CCCCCCCCCCCCCCCCOC[C@]([H])(COP([O-])(=O)OCC[N+](C)(C)C)OC(=O)CCCCCCC\C=C/CCCCCC,HJVQHTGUAIETCQ-VEAYGOGPSA-N,C40H80NO7P,718.0395,717.567240431
HMDB0013405,PC(O-34:0),[H][C@@](COCCCCCCCCCCCCCCCC)(COP([O-])(=O)OCC[N+](C)(C)C)OC(=O)CCCCCCCCCCCCCCCCC,PXPSGTINXJQLBR-VQJSHJPSSA-N,C42H86NO7P,748.1085,747.614190623
HMDB0013407,PC(O-36:4),[H][C@@](COCCCCCCCCCCCCCCCC)(COP([O-])(=O)OCC[N+](C)(C)C)OC(=O)CCCCCC\C=C/C\C=C/C\C=C/C\C=C/CC,SOUZQPFUXRVDGK-KCTKZSJBSA-N,C44H82NO7P,768.0981,767.582890495
HMDB0013408,PC(O-38:0),[H][C@@](COCCCCCCCCCCCCCCCC)(COP([O-])(=O)OCC[N+](C)(C)C)OC(=O)CCCCCCCCCCCCCCCCCCCCC,BIIIEBBIUJYGBZ-WBVITSLISA-N,C46H94NO7P,804.2148,803.676790879
HMDB0013412,PC(O-34:1),CCCCCCCCCCCCCCCCCC(=O)O[C@]([H])(COCCCCCCCC\C=C/CCCCCC)COP([O-])(=O)OCC[N+](C)(C)C,SVSLBZPEDBYFGG-HVLKLTLRSA-N,C42H84NO7P,746.0926,745.598540559
HMDB0013414,PC(O-36:1),CCCCCCCCCCCCCCCCCCCC(=O)O[C@]([H])(COCCCCCCCC\C=C/CCCCCC)COP([O-])(=O)OCC[N+](C)(C)C,NEMVGIRAGVGOLH-RPBJOJELSA-N,C44H88NO7P,774.1458,773.629840687
HMDB0013418,PC(O-36:2),CCCCCCCCCCCCCCCCCCOC[C@]([H])(COP([O-])(=O)OCC[N+](C)(C)C)OC(=O)CCCCCCC\C=C/C\C=C/CCCCC,LMGTVCKIUNTOEP-HJTCUGKVSA-N,C44H86NO7P,772.1299,771.614190623
HMDB0013419,PC(O-18:0/20:0),[H][C@@](COCCCCCCCCCCCCCCCCCC)(COP([O-])(=O)OCC[N+](C)(C)C)OC(=O)CCCCCCCCCCCCCCCCCCC,BVCZSMAYNCVQDT-WBVITSLISA-N,C46H94NO7P,804.2148,803.676790879
HMDB0013420,PC(O-38:4),[H][C@@](COCCCCCCCCCCCCCCCCCC)(COP([O-])(=O)OCC[N+](C)(C)C)OC(=O)CCC\C=C/C\C=C/C\C=C/C\C=C/CCCCC,GBNPCIWXLWZJGA-IGBSIYCFSA-N,C46H86NO7P,796.1513,795.614190623
HMDB0013424,PC(O-18:1(11Z)/16:0),CCCCCCCCCCCCCCCC(=O)O[C@]([H])(COCCCCCCCCCC\C=C/CCCCCC)COP([O-])(=O)OCC[N+](C)(C)C,QCGUXAIDEOWPBV-SNKLRXETSA-N,C42H84NO7P,746.0926,745.598540559
HMDB0013425,PC(O-36:3),CCCCCC\C=C/CCCCCCCCCCOC[C@]([H])(COP([O-])(=O)OCC[N+](C)(C)C)OC(=O)CCCCCCC\C=C/C\C=C/CCCCC,KBRIWDRDGVERBB-VXKJXORPSA-N,C44H84NO7P,770.114,769.598540559
HMDB0013426,PC(O-18:1(9Z)/16:0),CCCCCCCCCCCCCCCC(=O)O[C@]([H])(COCCCCCCCC\C=C/CCCCCCCC)COP([O-])(=O)OCC[N+](C)(C)C,IQLHTKSHLGLPMG-HFWGUVFESA-N,C42H84NO7P,746.0926,745.598540559
HMDB0013427,PC(O-18:1(9Z)/18:0),CCCCCCCCCCCCCCCCCC(=O)O[C@]([H])(COCCCCCCCC\C=C/CCCCCCCC)COP([O-])(=O)OCC[N+](C)(C)C,KKPRQPUSFKIYMO-GRVDSVFJSA-N,C44H88NO7P,774.1458,773.629840687
HMDB0013428,PC(O-18:1(9Z)/18:1(11Z)),CCCCCCCC\C=C/CCCCCCCCOC[C@]([H])(COP([O-])(=O)OCC[N+](C)(C)C)OC(=O)CCCCCCCCC\C=C/CCCCCC,GSROTDACALJGFK-YIFANWOHSA-N,C44H86NO7P,772.1299,771.614190623
HMDB0013429,"PC(O-18:1(9Z)/18:2(9Z,12Z))",CCCCCCCC\C=C/CCCCCCCCOC[C@]([H])(COP([O-])(=O)OCC[N+](C)(C)C)OC(=O)CCCCCCC\C=C/C\C=C/CCCCC,MFZLAZYUXHHSIA-HVODBARTSA-N,C44H84NO7P,770.114,769.598540559
HMDB0013432,PC(O-38:5),[H][C@@](COCCCCCCCC\C=C/CCCCCCCC)(COP([O-])(=O)OCC[N+](C)(C)C)OC(=O)CCC\C=C/C\C=C/C\C=C/C\C=C/CCCCC,VJNPDLZENXBRLB-MQEDXBOASA-N,C46H84NO7P,794.1354,793.598540559
HMDB0013435,"PC(O-18:2(9Z,12Z)/18:2(9Z,12Z))",CCCCC\C=C/C\C=C/CCCCCCCCOC[C@]([H])(COP([O-])(=O)OCC[N+](C)(C)C)OC(=O)CCCCCCC\C=C/C\C=C/CCCCC,XCCONPVPHCCYNF-KPFPPAHTSA-N,C44H82NO7P,768.0981,767.582890495
HMDB0013437,PC(O-40:2),CCCCCCCCCCCCCCCCCCCCCC(=O)O[C@]([H])(COCCCCCCCC\C=C/C\C=C/CCCCC)COP([O-])(=O)OCC[N+](C)(C)C,DMPIMBNFIDOLGO-DTRJYZOJSA-N,C48H94NO7P,828.2362,827.676790879
HMDB0013438,PC(O-42:2),CCCCCCCCCCCCCCCCCCCCCCCC(=O)O[C@]([H])(COCCCCCCCC\C=C/C\C=C/CCCCC)COP([O-])(=O)OCC[N+](C)(C)C,SJLRNWKFILQPDM-AARZFCJCSA-N,C50H98NO7P,856.2894,855.708091007
HMDB0013439,PC(O-38:3),CCCCCCCCCCCCCCCCCCCCOC[C@]([H])(COP([O-])(=O)OCC[N+](C)(C)C)OC(=O)CCCC\C=C/C\C=C/C\C=C/CCCCC,XHKFHCCQLHPBPZ-WKDUQDSSSA-N,C46H88NO7P,798.1672,797.629840687
HMDB0013440,"PC(O-20:0/18:3(9Z,12Z,15Z))",CCCCCCCCCCCCCCCCCCCCOC[C@]([H])(COP([O-])(=O)OCC[N+](C)(C)C)OC(=O)CCCCCCC\C=C/C\C=C/C\C=C/CC,APWUUZRAVVATRC-GBRUYZQDSA-N,C46H88NO7P,798.1672,797.629840687
HMDB0013444,PC(O-40:5),CCCCCCCC\C=C/CCCCCCCCCCOC[C@]([H])(COP([O-])(=O)OCC[N+](C)(C)C)OC(=O)CCC\C=C/C\C=C/C\C=C/C\C=C/CCCCC,UNAQSIZPRIMCTB-QXUJVPJQSA-N,C48H88NO7P,822.1886,821.629840687
HMDB0013449,PC(O-44:3),CCCCCCCCCCCCCCCCCCCCCCOC[C@]([H])(COP([O-])(=O)OCC[N+](C)(C)C)OC(=O)CCCCCCCC\C=C/C\C=C/C\C=C/CCCCC,CQBVYLALIKLMGX-TYGMOWAISA-N,C52H100NO7P,882.3267,881.723741071
HMDB0013452,"PC(O-22:1(13Z)/22:2(13Z,16Z))",CCCCCCCC\C=C/CCCCCCCCCCCCOC[C@]([H])(COP([O-])(=O)OCC[N+](C)(C)C)OC(=O)CCCCCCCCCCC\C=C/C\C=C/CCCCC,VCODWVLGDPOACA-DRGSQYEJSA-N,C52H100NO7P,882.3267,881.723741071
HMDB0013453,PC(O-44:4),CCCCCCCC\C=C/CCCCCCCCCCCCOC[C@]([H])(COP([O-])(=O)OCC[N+](C)(C)C)OC(=O)CCCCCCCC\C=C/C\C=C/C\C=C/CCCCC,ADCPDRAGQLKVRI-DFPONBFASA-N,C52H98NO7P,880.3108,879.708091007
HMDB0013455,"PC(O-22:2(13Z,16Z)/22:2(13Z,16Z))",CCCCC\C=C/C\C=C/CCCCCCCCCCCCOC[C@]([H])(COP([O-])(=O)OCC[N+](C)(C)C)OC(=O)CCCCCCCCCCC\C=C/C\C=C/CCCCC,GCAMFMBVIXVYSA-VIVKCUGUSA-N,C52H98NO7P,880.3108,879.708091007
HMDB0013456,PC(O-44:5),CCCCC\C=C/C\C=C/CCCCCCCCCCCCOC[C@]([H])(COP([O-])(=O)OCC[N+](C)(C)C)OC(=O)CCCCCCCC\C=C/C\C=C/C\C=C/CCCCC,CEZAZXUWDFPTTE-FHIJIHMSSA-N,C52H96NO7P,878.2949,877.692440943
HMDB0013458,PC(O-42:3),CCCCCCCCCCCCCCCCCCCCCCCCOC[C@]([H])(COP([O-])(=O)OCC[N+](C)(C)C)OC(=O)CCCC\C=C/C\C=C/C\C=C/CCCCC,LDFITNYTODJQBW-AQBSXLNYSA-N,C50H96NO7P,854.2735,853.692440943
HMDB0013459,"PC(O-24:0/18:3(9Z,12Z,15Z))",CCCCCCCCCCCCCCCCCCCCCCCCOC[C@]([H])(COP([O-])(=O)OCC[N+](C)(C)C)OC(=O)CCCCCCC\C=C/C\C=C/C\C=C/CC,NIIFWBWRLRQUHB-LSTCNRAPSA-N,C50H96NO7P,854.2735,853.692440943
HMDB0013460,"PC(O-24:0/20:4(8Z,11Z,14Z,17Z))",CCCCCCCCCCCCCCCCCCCCCCCCOC[C@]([H])(COP([O-])(=O)OCC[N+](C)(C)C)OC(=O)CCC\C=C/C\C=C/C\C=C/C\C=C/CCCCC,AQJDGYZOTXPNFY-ZFRXABNDSA-N,C52H98NO7P,880.3108,879.708091007
HMDB0013461,SM(d18:1/26:1),CCCCCCCCCCCCC\C=C\[C@@H](O)[C@H](COP([O-])(=O)OCC[N+](C)(C)C)NC(=O)CCCCCCCCCCCCCCC\C=C/CCCCCCCC,YXEXWUZHFGYOHJ-UOJCCMJYSA-N,C49H97N2O6P,841.278,840.708425358
HMDB0013463,Hydroxysphingomyeline C16:1,CCCCCCCCCCCCC\C=C\[C@@H](O)[C@H](COP([O-])(=O)OCC[N+](C)(C)C)NC(=O)CC(O)CCCCC\C=C/CCCCCC,LPHMSPONPQCKTL-FKUNDBCPSA-N,C39H77N2O7P,717.0116,716.54683934
HMDB0013464,SM(d18:0/16:1(9Z)),CCCCCCCCCCCCCCC[C@@H](O)[C@H](COP([O-])(=O)OCC[N+](C)(C)C)NC(=O)CCCCCCC\C=C/CCCCCC,CGVOQSQIYSUXAT-PPLFXBRHSA-N,C39H79N2O6P,703.0281,702.567574782
HMDB0013466,Hydroxysphingomyeline C22:1,CCCCCCCCCCCCC\C=C\[C@@H](O)[C@H](COP([O-])(=O)OCC[N+](C)(C)C)NC(=O)CC(O)CCCCCCCCC\C=C/CCCCCCCC,ZUSFLIGNJFDBRL-FYGIKZFGSA-N,C45H89N2O7P,801.1711,800.640739724
HMDB0013467,Hydroxysphingomyeline C22:2,CCCCCCCCCCCCC\C=C\[C@@H](O)[C@H](COP([O-])(=O)OCC[N+](C)(C)C)NC(=O)CC(O)CCCCCCCCC\C=C/C\C=C/CCCCC,DRKCMBAZIYFIGX-ZWLRGCNFSA-N,C45H87N2O7P,799.1552,798.62508966
HMDB0013469,Hydroxysphingomyeline C24:1,CCCCCCCCCCCCC\C=C\[C@@H](O)[C@H](COP([O-])(=O)OCC[N+](C)(C)C)NC(=O)CC(O)CCCCCCCCCCC\C=C/CCCCCCCC,IOOMOQUTKQGEFH-BSZNTFKYSA-N,C47H93N2O7P,829.2243,828.672039852
HMDB0013667,Yttrium,[Y],VWQVUPCCIRVNHF-UHFFFAOYSA-N,Y,88.9059,88.905847902
HMDB0013669,Cesium,[Cs],TVFDJXOCXUVLDH-UHFFFAOYSA-N,Cs,132.9055,132.90544687
HMDB0013670,Palladium,[Pd],KDLHZDBZIXYQEI-UHFFFAOYSA-N,Pd,106.42,105.903483087
HMDB0013671,Platinum,[Pt],BASFCYQUMIYNBI-UHFFFAOYSA-N,Pt,195.084,194.964774449
HMDB0013672,Cerium,[Ce],GWXLDORMOJMVQZ-UHFFFAOYSA-N,Ce,140.116,139.905434035
HMDB0013711,Lanthanum,[La],FZLIPJUXYLNCLC-UHFFFAOYSA-N,La,138.9055,138.90634816
HMDB0013715,Neodymium,[Nd],QEFYFXOXNSNQGX-UHFFFAOYSA-N,Nd,144.242,141.907718643
HMDB0013724,Thallium,Cl[Tl],GBECUEIQVRDUKB-UHFFFAOYSA-M,ClTl,239.83,239.943281
HMDB0013780,Dimethyl trisulfide,CSSSC,YWHLKYXPLRWGSE-UHFFFAOYSA-N,C2H6S3,126.264,125.963162262
HMDB0013824,2-Pentylfuran,CCCCCC1=CC=CO1,YVBAUDVGOFCUSG-UHFFFAOYSA-N,C9H14O,138.2069,138.10446507
HMDB0015016,Chlorhexidine,ClC1=CC=C(NC(=N)NC(=N)NCCCCCCNC(=N)NC(=N)NC2=CC=C(Cl)C=C2)C=C1,GHXZTYHSJHQHIJ-UHFFFAOYSA-N,C22H30Cl2N10,505.447,504.203196424
HMDB0015144,Ketoprofen,CC(C(O)=O)C1=CC(=CC=C1)C(=O)C1=CC=CC=C1,DKYWVDODHFEZIM-UHFFFAOYSA-N,C16H14O3,254.2806,254.094294314
HMDB0015532,Zinc,[Zn++],PTFCDOFLOPIGGS-UHFFFAOYSA-N,Zn,65.409,63.929146578
HMDB0028690,Alanylisoleucine,CC[C@H](C)[C@H](NC(=O)[C@H](C)N)C(O)=O,ZSOICJZJSRWNHX-ACZMJKKPSA-N,C9H18N2O3,202.254,202.131742448
HMDB0028691,Alanylleucine,CC(C)C[C@H](NC(=O)[C@H](C)N)C(O)=O,RDIKFPRVLJLMER-BQBZGAKWSA-N,C9H18N2O3,202.254,202.131742448
HMDB0028695,Alanylproline,C[C@H](N)C(=O)N1CCC[C@H]1C(O)=O,WPWUFUBLGADILS-WDSKDSINSA-N,C8H14N2O3,186.211,186.100442319
HMDB0028700,Alanylvaline,CC(C)[C@H](NC(=O)[C@H](C)N)C(O)=O,LIWMQSWFLXEGMA-WDSKDSINSA-N,C8H16N2O3,188.227,188.116092383
HMDB0028816,Glutamylcysteine,N[C@@H](CCC(O)=O)C(=O)N[C@@H](CS)C(O)=O,PABVKUJVLNMOJP-WHFBIAKZSA-N,C8H14N2O5S,250.27,250.062342733
HMDB0028844,Glycyl-Isoleucine,CCC(C)C(N=C(O)CN)C(O)=O,KGVHCTWYMPWEGN-UHFFFAOYSA-N,C8H16N2O3,188.2242,188.116092388
HMDB0028848,Glycyl-Phenylalanine,NCC(O)=NC(CC1=CC=CC=C1)C(O)=O,JBCLFWXMTIKCCB-UHFFFAOYSA-N,C11H14N2O3,222.2405,222.100442324
HMDB0028853,Glycyltyrosine,NCC(=O)N[C@@H](CC1=CC=C(O)C=C1)C(O)=O,XBGGUPMXALFZOT-VIFPVBQESA-N,C11H14N2O4,238.243,238.095356939
HMDB0028854,Glycylvaline,CC(C)[C@H](NC(=O)CN)C(O)=O,STKYPAFSDFAEPH-LURJTMIESA-N,C7H14N2O3,174.2,174.100442319
HMDB0028907,Isoleucyl-Glycine,CCC(C)C(N)C(=O)NCC(O)=O,UCGDDTHMMVWVMV-UHFFFAOYSA-N,C8H16N2O3,188.2242,188.116092388
HMDB0028910,Isoleucyl-Isoleucine,CCC(C)C(N)C(=O)NC(C(C)CC)C(O)=O,BCVIOZZGJNOEQS-UHFFFAOYSA-N,C12H24N2O3,244.3306,244.178692644
HMDB0028911,Isoleucyl-Leucine,CCC(C)C(N)C(=O)NC(CC(C)C)C(O)=O,JWBXCSQZLLIOCI-UHFFFAOYSA-N,C12H24N2O3,244.3306,244.178692644
HMDB0028929,Leucyl-Glycine,CC(C)CC(N)C(=O)NCC(O)=O,LESXFEZIFXFIQR-UHFFFAOYSA-N,C8H16N2O3,188.2242,188.116092388
HMDB0028932,Leucyl-Isoleucine,CCC(C)C(NC(=O)C(N)CC(C)C)C(O)=O,AZLASBBHHSLQDB-UHFFFAOYSA-N,C12H24N2O3,244.3306,244.178692644
HMDB0028933,Leucylleucine,CC(C)C[C@H](N)C(=O)N[C@@H](CC(C)C)C(O)=O,LCPYQJIKPJDLLB-UWVGGRQHSA-N,C12H24N2O3,244.335,244.178692641
HMDB0029068,Threonylphenylalanine,C[C@@H](O)[C@H](N)C(=O)N[C@@H](CC1=CC=CC=C1)C(O)=O,IQHUITKNHOKGFC-MIMYLULJSA-N,C13H18N2O4,266.297,266.126657068
HMDB0029126,Valylglutamic acid,CC(C)[C@H](N)C(=O)N[C@@H](CCC(O)=O)C(O)=O,UPJONISHZRADBH-XPUUQOCRSA-N,C10H18N2O5,246.263,246.121571688
HMDB0029201,Hafnium,[Hf],VBJZVLUMGGDVMO-UHFFFAOYSA-N,Hf,178.49,179.94654876
HMDB0029423,Acetylhomoserine,CC(=O)OCCC(N)C(O)=O,FCXZBWSIAGGPCB-UHFFFAOYSA-N,C6H11NO4,161.1558,161.068807845
HMDB0029595,Nonane,CCCCCCCCC,BKIMMITUMNQMOS-UHFFFAOYSA-N,C9H20,128.2551,128.15650064
HMDB0029596,Chloroform,ClC(Cl)Cl,HEDRZPFGACZZDS-UHFFFAOYSA-N,CHCl3,119.378,117.914383153
HMDB0029597,Cyclohexane,C1CCCCC1,XDTMQSROBMDMFD-UHFFFAOYSA-N,C6H12,84.1595,84.093900384
HMDB0029600,Hexane,CCCCCC,VLKZOEOYAKHREP-UHFFFAOYSA-N,C6H14,86.1754,86.109550448
HMDB0029635,4-Methylbenzoic acid,CC1=CC=C(C=C1)C(O)=O,LPNBBFKOUUSUDB-UHFFFAOYSA-N,C8H8O2,136.1479,136.0524295
HMDB0029638,4-Methylbenzaldehyde,CC1=CC=C(C=O)C=C1,FXLOVSHXALFLKQ-UHFFFAOYSA-N,C8H8O,120.1485,120.057514878
HMDB0029641,"p-Mentha-1,3,5,8-tetraene",CC(=C)C1=CC=C(C)C=C1,MMSLOZQEMPDGPI-UHFFFAOYSA-N,C10H12,132.2023,132.093900384
HMDB0029672,"1,3-Dimethoxybenzene",COC1=CC(OC)=CC=C1,DPZNOMCNRMUKPS-UHFFFAOYSA-N,C8H10O2,138.1638,138.068079564
HMDB0029686,4-Methoxybenzaldehyde,COC1=CC=C(C=O)C=C1,ZRSNZINYAWTAHE-UHFFFAOYSA-N,C8H8O2,136.1479,136.0524295
HMDB0029713,Thiazole,S1C=CN=C1,FZWLAAWBMGSTSO-UHFFFAOYSA-N,C3H3NS,85.128,84.998619791
HMDB0029723,Saccharin,OC1=NS(=O)(=O)C2=CC=CC=C12,CVHZOJJKTDOEJC-UHFFFAOYSA-N,C7H5NO3S,183.185,182.999013721
HMDB0029751,Naphthalene,C1=CC2=CC=CC=C2C=C1,UFWIBTONFRDIAS-UHFFFAOYSA-N,C10H8,128.1705,128.062600256
HMDB0030062,Methyl propionate,CCC(=O)OC,RJUFJBKOKNCXHH-UHFFFAOYSA-N,C4H8O2,88.1051,88.0524295
HMDB0030088,cis-Ocimene,CC(C)=CC\C=C(\C)C=C,IHPKGUQCSIINRJ-NTMALXAHSA-N,C10H16,136.234,136.125200512
HMDB0030089,trans-Ocimene,CC(C)=CC\C=C(/C)C=C,IHPKGUQCSIINRJ-CSKARUKUSA-N,C10H16,136.234,136.125200512
HMDB0030469,Methyl tetradecanoate,CCCCCCCCCCCCCC(=O)OC,ZAZKJZBWRNNLDS-UHFFFAOYSA-N,C15H30O2,242.3975,242.224580204
HMDB0030837,Anethole,COC1=CC=C(\C=C/C)C=C1,RUVINXPYWBROJD-ARJAWSKDSA-N,C10H12O,148.2017,148.088815006
HMDB0030924,2-Tetradecanone,CCCCCCCCCCCCC(C)=O,POQLVOYRGNFGRM-UHFFFAOYSA-N,C14H28O,212.3715,212.214015518
HMDB0030928,Tridecanal,CCCCCCCCCCCCC=O,BGEHHAVMRVXCGR-UHFFFAOYSA-N,C13H26O,198.3449,198.198365454
HMDB0030941,Undecanal,CCCCCCCCCCC=O,KMPQYAYAQWNLME-UHFFFAOYSA-N,C11H22O,170.2918,170.167065326
HMDB0031019,2-Dodecanone,CCCCCCCCCCC(C)=O,LSKONYYRONEBKA-UHFFFAOYSA-N,C12H24O,184.3184,184.18271539
HMDB0031046,9E-Heptadecenoic acid,CCCCCCC\C=C\CCCCCCCC(O)=O,QSBYPNXLFMSGKH-CMDGGOBGSA-N,C17H32O2,268.4348,268.240230268
HMDB0031081,2-Pentadecanone,CCCCCCCCCCCCCC(C)=O,CJPNOLIZCWDHJK-UHFFFAOYSA-N,C15H30O,226.3981,226.229665582
HMDB0031158,2-Methyl-4-pentenoic acid,CC(CC=C)C(O)=O,HVRZYSHVZOELOH-UHFFFAOYSA-N,C6H10O2,114.1424,114.068079564
HMDB0031206,Pentanal,CCCCC=O,HGBOYTHUEUWSSQ-UHFFFAOYSA-N,C5H10O,86.1323,86.073164942
HMDB0031217,Ethyl acetate,CCOC(C)=O,XEKOWRVHYACXOJ-UHFFFAOYSA-N,C4H8O2,88.1051,88.0524295
HMDB0031231,xi-2-Ethyl-1-hexanol,CCCCC(CC)CO,YIWUKEYIRIRTPP-UHFFFAOYSA-N,C8H18O,130.2279,130.135765198
HMDB0031241,Isopropyl acetate,CC(C)OC(C)=O,JMMWKPVZQRWMSS-UHFFFAOYSA-N,C5H10O2,102.1317,102.068079564
HMDB0031266,2-Nonanone,CCCCCCCC(C)=O,VKCYHJWLYTUGCC-UHFFFAOYSA-N,C9H18O,142.2386,142.135765198
HMDB0031269,2-Nonenal,CCCCCC\C=C/C=O,BSAIUMLZVGUGKX-FPLPWBNLSA-N,C9H16O,140.2227,140.120115134
HMDB0031293,"2,3-Octanedione",CCCCCC(=O)C(C)=O,XCBBNTFYSLADTO-UHFFFAOYSA-N,C8H14O2,142.1956,142.099379692
HMDB0031294,2-Octanone,CCCCCCC(C)=O,ZPVFWPFBNIEHGJ-UHFFFAOYSA-N,C8H16O,128.212,128.120115134
HMDB0031295,Ethyl pentyl ketone,CCCCCC(=O)CC,RHLVCLIPMVJYKS-UHFFFAOYSA-N,C8H16O,128.212,128.120115134
HMDB0031296,(E)-2-Octen-1-ol,CCCCC\C=C/CO,AYQPVPFZWIQERS-SREVYHEPSA-N,C8H16O,128.212,128.120115134
HMDB0031309,1-Octen-3-one,CCCCCC(=O)C=C,KLTVSWGXIAYTHO-UHFFFAOYSA-N,C8H14O,126.1962,126.10446507
HMDB0031310,Benzyl acetate,CC(=O)OCC1=CC=CC=C1,QUKGYYKBILRGFE-UHFFFAOYSA-N,C9H10O2,150.1745,150.068079564
HMDB0031313,2-Pentyl-3-phenyl-2-propenal,CCCCC\C(C=O)=C\C1=CC=CC=C1,HMKKIXGYKWDQSV-KAMYIIQDSA-N,C14H18O,202.2921,202.135765198
HMDB0031409,2-Decanone,CCCCCCCCC(C)=O,ZAJNGDIORYACQU-UHFFFAOYSA-N,C10H20O,156.2652,156.151415262
HMDB0031429,"2,4-Dimethyl-3-pentanone",CC(C)C(=O)C(C)C,HXVNBWAKAOHACI-UHFFFAOYSA-N,C7H14O,114.1855,114.10446507
HMDB0031444,N-Dodecane,CCCCCCCCCCCC,SNRUBQQJIBEYMU-UHFFFAOYSA-N,C12H26,170.3348,170.203450832
HMDB0031445,Undecane,CCCCCCCCCCC,RSJKGSCJYJTIGS-UHFFFAOYSA-N,C11H24,156.3083,156.187800768
HMDB0031447,N-Heptane,CCCCCCC,IMNFDUFMRHMDMM-UHFFFAOYSA-N,C7H16,100.2019,100.125200512
HMDB0031450,N-Decane,CCCCCCCCCC,DIOQZVSQGTUSAI-UHFFFAOYSA-N,C10H22,142.2817,142.172150704
HMDB0031454,trans-Jasmone,CC\C=C\CC1=C(C)CCC1=O,XMLSXPIVAXONDL-SNAWJCMRSA-N,C11H16O,164.2441,164.120115134
HMDB0031475,Heptanal,CCCCCCC=O,FXHGMKSSBGDXIY-UHFFFAOYSA-N,C7H14O,114.1855,114.10446507
HMDB0031476,"2,3-Heptanedione",CCCCC(=O)C(C)=O,FJPGAMCQJNLTJC-UHFFFAOYSA-N,C7H12O2,128.169,128.083729628
HMDB0031491,"2,3-Hexanedione",CCCC(=O)C(C)=O,MWVFCEVNXHTDNF-UHFFFAOYSA-N,C6H10O2,114.1424,114.068079564
HMDB0031493,3-Hexanol,CCCC(O)CC,ZOCHHNOQQHDWHG-UHFFFAOYSA-N,C6H14O,102.1748,102.10446507
HMDB0031496,2-Hexenal,CCC\C=C\C=O,MBDOYVRWFFCFHM-SNAWJCMRSA-N,C6H10O,98.145,98.073164942
HMDB0031512,Tiglic aldehyde,C\C=C(\C)C=O,ACWQBUSCFPJUPN-HYXAFXHYSA-N,C5H8O,84.1164,84.057514878
HMDB0031523,Methyl acetate,COC(C)=O,KXKVLQRXCPHEJC-UHFFFAOYSA-N,C3H6O2,74.0785,74.036779436
HMDB0031526,(±)-2-Methylbutanal,CCC(C)C=O,BYGQBDHUGHBGMD-UHFFFAOYSA-N,C5H10O,86.1323,86.073164942
HMDB0031530,3-Methyl-3-buten-2-one,CC(=C)C(C)=O,ZGHFDIIVVIFNPS-UHFFFAOYSA-N,C5H8O,84.1164,84.057514878
HMDB0031531,Dihydro-5-pentyl-2(3H)-furanone,CCCCCC1CCC(=O)O1,OALYTRUKMRCXNH-UHFFFAOYSA-N,C9H16O2,156.2221,156.115029756
HMDB0031542,Methylcyclopentane,CC1CCCC1,GDOPTJXRTPNYNR-UHFFFAOYSA-N,C6H12,84.1595,84.093900384
HMDB0031548,Dichloromethane,ClCCl,YMWUJEATGCHHMB-UHFFFAOYSA-N,CH2Cl2,84.933,83.953355478
HMDB0031549,5-Methyl-2-hexanone,CC(C)CCC(C)=O,FFWSICBKRCICMR-UHFFFAOYSA-N,C7H14O,114.1855,114.10446507
HMDB0031563,"4-Methyl-3-penten-2-one, 9CI",CC(C)=CC(C)=O,SHOJXDKTYKFBRD-UHFFFAOYSA-N,C6H10O,98.143,98.073164942
HMDB0031566,2-Methyl-3-phenyl-2-propenal,C\C(C=O)=C\C1=CC=CC=C1,VLUMOWNVWOXZAU-CLFYSBASSA-N,C10H10O,146.1858,146.073164942
HMDB0031578,2-Methylpentanal,CCCC(C)C=O,FTZILAQGHINQQR-UHFFFAOYSA-N,C6H12O,100.1589,100.088815006
HMDB0031583,3-Methylheptane,CCCCC(C)CC,LAIUFBWHERIJIH-UHFFFAOYSA-N,C8H18,114.2285,114.140850576
HMDB0031598,"2,3-Pentanedione",CCC(=O)C(C)=O,TZMFJUDUGYTVRY-UHFFFAOYSA-N,C5H8O2,100.1158,100.0524295
HMDB0031607,1-Penten-3-one,CCC(=O)C=C,JLIDVCMBCGBIEY-UHFFFAOYSA-N,C5H8O,84.1164,84.057514878
HMDB0031630,Propane,CCC,ATUOYWHBWRKTHZ-UHFFFAOYSA-N,C3H8,44.0956,44.062600256
HMDB0031635,2-Propene-1-thiol,SCC=C,ULIKDJVNUXNQHS-UHFFFAOYSA-N,C3H6S,74.145,74.019020882
HMDB0031647,Acrylic acid,OC(=O)C=C,NIXOWILDQLNWCW-UHFFFAOYSA-N,C3H4O2,72.0627,72.021129372
HMDB0031653,3-(Methylthio)-1-propene,CSCC=C,NVLPQIPTCCLBEU-UHFFFAOYSA-N,C4H8S,88.171,88.034670946
HMDB0031681,Dihydro-5-propyl-2(3H)-furanone,CCCC1CCC(=O)O1,VLSVVMPLPMNWBH-UHFFFAOYSA-N,C7H12O2,128.169,128.083729628
HMDB0031685,"2,4-Nonadienal",CCCC\C=C\C=C/C=O,ZHHYXNZJDGDGPJ-MDAAKZFYSA-N,C9H14O,138.2069,138.10446507
HMDB0031736,2-Hexyl-3-phenyl-2-propenal,CCCCCC\C(C=O)=C/C1=CC=CC=C1,GUUHFMWKWLOQMM-NTCAYCPXSA-N,C15H20O,216.3187,216.151415262
HMDB0031740,Methyl dihydrojasmonate,CCCCC[C@@H]1[C@@H](CC(=O)OC)CCC1=O,KVWWIYGFBYDJQC-GHMZBOCLSA-N,C13H22O3,226.312,226.15689457
HMDB0032049,Benzophenone,O=C(C1=CC=CC=C1)C1=CC=CC=C1,RWCCWEUUXYIKHB-UHFFFAOYSA-N,C13H10O,182.2179,182.073164942
HMDB0032051,alpha-Terpineol acetate,CC(=O)OC(C)(C)C1CCC(C)=CC1,IGODOXYLBBXFDW-UHFFFAOYSA-N,C12H20O2,196.286,196.146329884
HMDB0032072,(Z)-Cinnamaldehyde,O=C\C=C/C1=CC=CC=C1,KJPRLNWUNMBNBZ-DAXSKMNVSA-N,C9H8O,132.1592,132.057514878
HMDB0032538,Triethanolamine,OCCN(CCO)CCO,GSEJCLTVZPLZKY-UHFFFAOYSA-N,C6H15NO3,149.1882,149.105193351
HMDB0032562,Diphenylamine,N(C1=CC=CC=C1)C1=CC=CC=C1,DMBHHRLKUKUOEG-UHFFFAOYSA-N,C12H11N,169.2224,169.089149357
HMDB0032572,Methylparaben,COC(=O)C1=CC=C(O)C=C1,LXCFILQKKLGQFO-UHFFFAOYSA-N,C8H8O3,152.1473,152.047344122
HMDB0032610,4-Methylbiphenyl,CC1=CC=C(C=C1)C1=CC=CC=C1,ZZLCFHIKESPLTH-UHFFFAOYSA-N,C13H12,168.2344,168.093900384
HMDB0032619,1-Phenylethanol,CC(O)C1=CC=CC=C1,WAPNOHKVXSQRPX-UHFFFAOYSA-N,C8H10O,122.1644,122.073164942
HMDB0032626,1-Methoxy-4-propylbenzene,CCCC1=CC=C(OC)C=C1,KBHWKXNXTURZCD-UHFFFAOYSA-N,C10H14O,150.2176,150.10446507
HMDB0032965,"2,4-Dimethylfuran",CC1=CC(C)=CO1,AABTWRKUKUPMJG-UHFFFAOYSA-N,C6H8O,96.1271,96.057514878
HMDB0033567,Cyclotetradecane,C1CCCCCCCCCCCCC1,KATXJJSCAPBIOB-UHFFFAOYSA-N,C14H28,196.3721,196.219100896
HMDB0033713,2-Undecanone,CCCCCCCCCC(C)=O,KYWIYKKSMDLRDC-UHFFFAOYSA-N,C11H22O,170.2918,170.167065326
HMDB0033714,2-Methyl-2-pentenal,CC\C=C(\C)C=O,IDEYZABHVQLHAF-XQRVVYSFSA-N,C6H10O,98.143,98.073164942
HMDB0033721,Octadecane,CCCCCCCCCCCCCCCCCC,RZJRJXONCZWCBN-UHFFFAOYSA-N,C18H38,254.4943,254.297351216
HMDB0033742,(S)-2-Methylbutanoic acid,CC[C@H](C)C(O)=O,WLAMNBDJUVNPJU-BYPYZUCNSA-N,C5H10O2,102.1317,102.068079564
HMDB0033788,Ethyl dodecanoate,CCCCCCCCCCCC(=O)OCC,MMXKVMNBHPAILY-UHFFFAOYSA-N,C14H28O2,228.3709,228.20893014
HMDB0033792,Hexadecane,CCCCCCCCCCCCCCCC,DCAYPVUWAIABOU-UHFFFAOYSA-N,C16H34,226.4412,226.266051088
HMDB0033826,"2,6-Di-tert-butyl-4-methylphenol",CC1=CC(=C(O)C(=C1)C(C)(C)C)C(C)(C)C,NLZUEZXRPGMBCV-UHFFFAOYSA-N,C15H24O,220.3505,220.18271539
HMDB0033827,(2E)-2-Heptenal,CCCC\C=C\C=O,NDFKTBCGKNOHPJ-AATRIKPKSA-N,C7H12O,112.1696,112.088815006
HMDB0033910,Acetophenone,CC(=O)C1=CC=CC=C1,KWOLFJPFCHCOCG-UHFFFAOYSA-N,C8H8O,120.1485,120.057514878
HMDB0033933,Lauric aldehyde,CCCCCCCCCCCC=O,HFJRKMMYBMWEAD-UHFFFAOYSA-N,C12H24O,184.3184,184.18271539
HMDB0034029,Isopropylbenzene,CC(C)C1=CC=CC=C1,RWGFKTVRMDUZSP-UHFFFAOYSA-N,C9H12,120.1916,120.093900384
HMDB0034121,1-Methoxy-4-(2-propenyl)benzene,COC1=CC=C(CC=C)C=C1,ZFMSMUAANRJZFM-UHFFFAOYSA-N,C10H12O,148.2017,148.088815006
HMDB0034148,2-Tridecanone,CCCCCCCCCCCC(C)=O,CYIFVRUOHKNECG-UHFFFAOYSA-N,C13H26O,198.3449,198.198365454
HMDB0034168,Toluene,CC1=CC=CC=C1,YXFVVABEGXRONW-UHFFFAOYSA-N,C7H8,92.1384,92.062600256
HMDB0034220,Levoinositol,O[C@H]1[C@H](O)[C@@H](O)[C@H](O)[C@H](O)[C@H]1O,CDAISMWEOUEBRE-SHFUYGGZSA-N,C6H12O6,180.1559,180.063388116
HMDB0034233,2-Butenal,C\C=C\C=O,MLUCVPSAIODCQM-NSCUHMNNSA-N,C4H6O,70.0898,70.041864814
HMDB0034235,2-Pentanone,CCCC(C)=O,XNLICIUVMPYHGG-UHFFFAOYSA-N,C5H10O,86.1323,86.073164942
HMDB0034237,Propyl acetate,CCCOC(C)=O,YKYONYBAUNKHLG-UHFFFAOYSA-N,C5H10O2,102.1317,102.068079564
HMDB0034240,Styrene,C=CC1=CC=CC=C1,PPBRXRYQALVLMV-UHFFFAOYSA-N,C8H8,104.1491,104.062600256
HMDB0034282,Lignocerane,CCCCCCCCCCCCCCCCCCCCCCCC,POOSGDOYLQNASK-UHFFFAOYSA-N,C24H50,338.6538,338.3912516
HMDB0034283,Tetradecanal,CCCCCCCCCCCCCC=O,UHUFTBALEZWWIH-UHFFFAOYSA-N,C14H28O,212.3715,212.214015518
HMDB0034284,Tridecane,CCCCCCCCCCCCC,IIYFAKIEWZDVMP-UHFFFAOYSA-N,C13H28,184.3614,184.219100896
HMDB0034289,Nonadecane,CCCCCCCCCCCCCCCCCCC,LQERIDTXQFOHKA-UHFFFAOYSA-N,C19H40,268.5209,268.31300128
HMDB0034297,Ricinoleic acid,CCCCCCC(O)C\C=C/CCCCCCCC(O)=O,WBHHMMIMDMUBKC-XFXZXTDPSA-N,C18H34O3,298.4608,298.250794954
HMDB0034301,Piperidine,C1CCNCC1,NQRYJNQNLNOLGT-UHFFFAOYSA-N,C5H11N,85.1475,85.089149357
HMDB0034365,L-Theanine,[H][C@](N)(CCC(O)=NCC)C(O)=O,DATAGRPVKZEWHA-YFKPBYRVSA-N,C7H14N2O3,174.1977,174.100442324
HMDB0034446,Diphenyl ether,O(C1=CC=CC=C1)C1=CC=CC=C1,USIUVYZYUHIAEV-UHFFFAOYSA-N,C12H10O,170.2072,170.073164942
HMDB0034769,Boric acid (HBO2),OB=O,VGTPKLINSHNZRD-UHFFFAOYSA-N,BHO2,43.818,44.006959742
HMDB0034972,Isomenthone,CC(C)[C@@H]1CC[C@H](C)CC1=O,NFLGAXVYCFJBMK-IUCAKERBSA-N,C10H18O,154.2493,154.135765198
HMDB0034975,Piperitone,CC(C)C1CCC(C)=CC1=O,YSTPAHQEHQSRJD-UHFFFAOYSA-N,C10H16O,152.2334,152.120115134
HMDB0034976,(-)-Borneol,CC1(C)[C@H]2CC[C@]1(C)[C@H](O)C2,DTGKSKDOIYIVQL-QXFUBDJGSA-N,C10H18O,154.2493,154.135765198
HMDB0035078,Geranial,CC(C)=CCC\C(C)=C\C=O,WTEVQBCEXWBHNA-JXMROGBWSA-N,C10H16O,152.237,152.120115135
HMDB0035084,"(+)-1(10),4-Cadinadiene",[H][C@@]12C=C(C)CCC1=C(C)CC[C@H]2C(C)C,FUCYIEXQVQJBKY-ZFWWWQNUSA-N,C15H24,204.357,204.187800773
HMDB0035155,beta-Geraniol,CC(C)=CCC\C(C)=C\CO,GLZPCOQZEFWAFX-JXMROGBWSA-N,C10H18O,154.253,154.1357652
HMDB0035226,2-Acetyl-5-methylfuran,CC(=O)C1=CC=C(C)O1,KEFJLCGVTHRGAH-UHFFFAOYSA-N,C7H8O2,124.1372,124.0524295
HMDB0035474,Isopropyl hexadecanoate,CCCCCCCCCCCCCCCC(=O)OC(C)C,XUGNVMKQXJXZCD-UHFFFAOYSA-N,C19H38O2,298.5038,298.28718046
HMDB0035604,Pulegone,C[C@@H]1CCC(=C(C)C)C(=O)C1,NZGWDASTMWDZIW-MRVPVSSYSA-N,C10H16O,152.2334,152.120115134
HMDB0035625,"(-)-7,7-Dimethyl-2-methylenebicyclo[2.2.1]heptane",CC1(C)C2CCC1C(=C)C2,XCPQUQHBVVXMRQ-UHFFFAOYSA-N,C10H16,136.234,136.125200512
HMDB0035658,(-)-alpha-Pinene,CC1=CC[C@H]2C[C@@H]1C2(C)C,GRWFGVWFFZKLTI-IUCAKERBSA-N,C10H16,136.234,136.125200512
HMDB0035824,Carvone,CC(=C)C1CC=C(C)C(=O)C1,ULDHMXUKGWMISQ-UHFFFAOYSA-N,C10H14O,150.221,150.104465071
HMDB0035825,(-)-Dihydrocarveol,C[C@@H]1CC[C@H](CC1O)C(C)=C,KRCZYMFUWVJCLI-MGRQHWMJSA-N,C10H18O,154.2493,154.135765198
HMDB0035850,alpha-Phellandrene,CC(C)C1CC=C(C)C=C1,OGLDWXZKYODSOB-UHFFFAOYSA-N,C10H16,136.238,136.125200515
HMDB0035915,Sulcatone,CC(C)=CCCC(C)=O,UHEPJGULSIKKTP-UHFFFAOYSA-N,C8H14O,126.1962,126.10446507
HMDB0035924,Pyrrole,N1C=CC=C1,KAESVJOAVNADME-UHFFFAOYSA-N,C4H5N,67.0892,67.042199165
HMDB0036079,Dihydrocarvone,CC1CCC(CC1=O)C(C)=C,AZOCECCLWFDTAP-UHFFFAOYSA-N,C10H16O,152.2334,152.120115134
HMDB0036080,"(1S,4S)-Dihydrocarvone",C[C@H]1CC[C@@H](CC1=O)C(C)=C,AZOCECCLWFDTAP-IUCAKERBSA-N,C10H16O,152.2334,152.120115134
HMDB0036081,beta-Phellandrene,CC(C)C1CCC(=C)C=C1,LFJQCDVYDGGFCH-UHFFFAOYSA-N,C10H16,136.238,136.125200515
HMDB0036089,(R)-Menthofuran,CC1CCC2=C(C1)OC=C2C,YGWKXXYGDYYFJU-UHFFFAOYSA-N,C10H14O,150.2176,150.10446507
HMDB0036209,Propyl 2-methylpropanoate,CCCOC(=O)C(C)C,AZFUASHXSOTBNU-UHFFFAOYSA-N,C7H14O2,130.1849,130.099379692
HMDB0036219,Octyl 2-methylbutyrate,CCCCCCCCOC(=O)C(C)CC,BCOJVEMHTBSAOE-UHFFFAOYSA-N,C13H26O2,214.3443,214.193280076
HMDB0036413,alpha-Cubebene,[H][C@]12[C@@H](CC[C@@H](C)[C@]11CC=C(C)[C@]21[H])C(C)C,XUEHVOLRMXNRKQ-KHMAMNHCSA-N,C15H24,204.357,204.187800773
HMDB0036453,"3,4-Dihydrocadalene",CC(C)C1CC=C(C)C2=C1C=C(C)C=C2,CUUMXRBKJIDIAY-UHFFFAOYSA-N,C15H20,200.3193,200.15650064
HMDB0036565,beta-Ionone,CC(=O)\C=C\C1=C(C)CCCC1(C)C,PSQYTAPXSHCGMF-BQYQJAHWSA-N,C13H20O,192.2973,192.151415262
HMDB0036574,Carbon disulfide,S=C=S,QGJOPFRUJISHPQ-UHFFFAOYSA-N,CS2,76.141,75.94414138
HMDB0036731,beta-Neoclovene,CC1(C)CC23CCC1C2(C)CCCC3=C,BUDWHMNUSAOQBI-UHFFFAOYSA-N,C15H24,204.3511,204.187800768
HMDB0036792,beta-Caryophyllene,[H][C@]12CC(C)(C)[C@]1([H])CC\C(C)=C\CCC2=C,NPNUFJAVOOONJE-GFUGXAQUSA-N,C15H24,204.357,204.187800773
HMDB0036811,Isopimaric acid,[H][C@]12CC[C@@](C)(CC1=CC[C@@]1([H])[C@@](C)(CCC[C@]21C)C(O)=O)C=C,MXYATHGRPJZBNA-KRFUXDQASA-N,C20H30O2,302.458,302.224580206
HMDB0036993,gamma-Terpineol,CC(C)=C1CCC(C)(O)CC1,NNRLDGQZIVUQTE-UHFFFAOYSA-N,C10H18O,154.253,154.1357652
HMDB0036995,alpha-Terpinene,CC(C)C1=CC=C(C)CC1,YHQGMYUVUMAZJR-UHFFFAOYSA-N,C10H16,136.238,136.125200515
HMDB0036997,beta-Terpinene,CC(C)C1=CCC(=C)CC1,SCWPFSIZUZUCCE-UHFFFAOYSA-N,C10H16,136.234,136.125200512
HMDB0037013,"p-Mentha-1,3,8-triene",CC(=C)C1=CC=C(C)CC1,XNMPFDIYAMOYRM-UHFFFAOYSA-N,C10H14,134.2182,134.109550448
HMDB0037050,1-Isopropyl-2-methylbenzene,CC(C)C1=CC=CC=C1C,WWRCMNKATXZARA-UHFFFAOYSA-N,C10H14,134.2182,134.109550448
HMDB0037213,xi-p-Menth-3-ene,CC(C)C1=CCC(C)CC1,YYCPSEFQLGXPCO-UHFFFAOYSA-N,C10H18,138.2499,138.140850576
HMDB0037268,xi-4-Methyldecane,CCCCCCC(C)CCC,DVWZNKLWPILULD-UHFFFAOYSA-N,C11H24,156.3083,156.187800768
HMDB0037784,(+)-alpha-Muurolene,CC(C)C1CC=C(C)C2CCC(C)=CC12,QMAYBMKBYCGXDH-UHFFFAOYSA-N,C15H24,204.357,204.187800773
HMDB0037790,Polyethylene glycol,[H]OCCO[H],LYCAIKOWRPUZTN-UHFFFAOYSA-N,C2H6O2,62.0678,62.036779436
HMDB0038121,"1,7,7-Trimethyltricyclo[2.2.1.02,6]heptane",CC12C3CC(CC13)C2(C)C,RRBYUSWBLVXTQN-UHFFFAOYSA-N,C10H16,136.238,136.125200515
HMDB0038155,beta-Bourbonene,[H][C@@]12CCC(=C)[C@]1([H])[C@@]1([H])[C@@H](CC[C@@]21C)C(C)C,YIRAHEODBQONHI-ZQNQSHIBSA-N,C15H24,204.357,204.187800773
HMDB0038169,beta-Myrcene,CC(C)=CCCC(=C)C=C,UAHWPYUMFXYFJY-UHFFFAOYSA-N,C10H16,136.238,136.125200515
HMDB0038206,gamma-Muurolene,[H][C@@]12CCC(C)=C[C@]1([H])[C@H](CCC2=C)C(C)C,WRHGORWNJGOVQY-QLFBSQMISA-N,C15H24,204.357,204.187800773
HMDB0038207,gamma-Cadinene,[H][C@]12CCC(C)=C[C@]1([H])[C@H](CCC2=C)C(C)C,WRHGORWNJGOVQY-RBSFLKMASA-N,C15H24,204.357,204.187800773
HMDB0038311,xi-gamma-Undecalactone,CCCCCCCC1CCC(=O)O1,PHXATPHONSXBIL-UHFFFAOYSA-N,C11H20O2,184.2753,184.146329884
HMDB0038604,Amyl salicylate,CCCCCOC(=O)C1=CC=CC=C1O,RANVDUNFZBMTBK-UHFFFAOYSA-N,C12H16O3,208.2536,208.109944378
HMDB0039229,Pyro-L-glutaminyl-L-glutamine,NC(=O)CC[C@H](NC(=O)[C@@H]1CCC(=O)N1)C(O)=O,ILAITOFTZJRIFJ-WDSKDSINSA-N,C10H15N3O5,257.2432,257.101170605
HMDB0039618,Propyl butyrate,CCCOC(=O)CCC,HUAZGNHGCJGYNP-UHFFFAOYSA-N,C7H14O2,130.1849,130.099379692
HMDB0040209,Ethyl hexanoate,CCCCCC(=O)OCC,SHZIWNPUGXLXDT-UHFFFAOYSA-N,C8H16O2,144.2114,144.115029756
HMDB0040240,2-Pentylthiophene,CCCCCC1=CC=CS1,NOYVOSGVFSEKPR-UHFFFAOYSA-N,C9H14S,154.272,154.081621138
HMDB0040272,2-Butylfuran,CCCCC1=CC=CO1,NWZIYQNUCXUJJJ-UHFFFAOYSA-N,C8H12O,124.1803,124.088815006
HMDB0040392,Isopropyl tetradecanoate,CCCCCCCCCCCCCC(=O)OC(C)C,AXISYYRBXTVTFY-UHFFFAOYSA-N,C17H34O2,270.4507,270.255880332
HMDB0040966,"1,3-Octadiene",CCCC\C=C\C=C,QTYUSOHYEPOHLV-FNORWQNLSA-N,C8H14,110.1968,110.109550448
HMDB0041288,2-Butyl-1-octanol,CCCCCCC(CO)CCCC,XMVBHZBLHNOQON-UHFFFAOYSA-N,C12H26O,186.3342,186.198365454
HMDB0041576,beta-Cadinene,[H][C@@]12CC(C)=CC[C@@]1([H])C(C)=CC[C@H]2C(C)C,USDOQCCMRDNVAH-KKUMJFAQSA-N,C15H24,204.357,204.187800773
HMDB0041607,2-Phenoxyethanol,OCCOC1=CC=CC=C1,QCDWFXQBSFUVSP-UHFFFAOYSA-N,C8H10O2,138.166,138.068079562
HMDB0041822,Acrolein,C=CC=O,HGINCPLSRVDWNT-UHFFFAOYSA-N,C3H4O,56.0633,56.02621475
HMDB0041980,Perchloroethylene,ClC(Cl)=C(Cl)Cl,CYTYCFOTNPOANT-UHFFFAOYSA-N,C2Cl4,165.833,163.875410828
HMDB0059655,2-Hydroxyglutarate,OC(CCC(O)=O)C(O)=O,HWXBTNAVRSUOJR-UHFFFAOYSA-N,C5H8O5,148.114,148.037173366
HMDB0059698,Cadalene,CC(C)C1=C2C=C(C)C=CC2=C(C)C=C1,VMOJIHDTVZTGDO-UHFFFAOYSA-N,C15H18,198.3034,198.140850576
HMDB0059819,o-Ethyltoluene,CCC1=C(C)C=CC=C1,HYFLWBNQFMXCPA-UHFFFAOYSA-N,C9H12,120.1916,120.093900384
HMDB0059820,Isopropyl_laurate,[H]C([H])([H])C([H])([H])C([H])([H])C([H])([H])C([H])([H])C([H])([H])C([H])([H])C([H])([H])C([H])([H])C([H])([H])C([H])([H])C(=O)OC([H])(C([H])([H])[H])C([H])([H])[H],UJPPXNXOEVDSRW-UHFFFAOYSA-N,C15H30O2,242.3975,242.224580204
HMDB0059829,"Isolongifolene, 4,5,9,10-dehydro-",CC1(C)C2CC3(C=C2)C1=CC=CC3(C)C,MOLSSUUBCUMURN-UHFFFAOYSA-N,C15H20,200.3193,200.15650064
HMDB0059830,Heptadecane,CCCCCCCCCCCCCCCCC,NDJKXXJCMXVBJW-UHFFFAOYSA-N,C17H36,240.4677,240.281701152
HMDB0059835,Nonanal,CCCCCCCCC=O,GYHFUZHODSMOHU-UHFFFAOYSA-N,C9H18O,142.2386,142.135765198
HMDB0059839,Camphene,CC1(C)C2CCC(C2)C1=C,CRPUJAZIXJMDBK-UHFFFAOYSA-N,C10H16,136.238,136.125200515
HMDB0059843,(1E)-1-(methylthio)prop-1-ene,[H]\C(SC([H])([H])[H])=C(\[H])C([H])([H])[H],YJOGCMRDEUBRJD-ONEGZZNKSA-N,C4H8S,88.171,88.034670946
HMDB0059851,o-Xylene,CC1=CC=CC=C1C,CTQNGGLPUBDAKN-UHFFFAOYSA-N,C8H10,106.165,106.07825032
HMDB0059874,1-Dodecene,CCCCCCCCCCC=C,CRSBERNSMYQZNG-UHFFFAOYSA-N,C12H24,168.319,168.187800768
HMDB0059883,alpha-Ionone,CC(=O)\C=C\C1C(C)=CCCC1(C)C,UZFLPKAIBPNNCA-BQYQJAHWSA-N,C13H20O,192.2973,192.151415262
HMDB0059886,Pentadecane,CCCCCCCCCCCCCCC,YCOZIPAWZNQLMR-UHFFFAOYSA-N,C15H32,212.4146,212.250401024
HMDB0059897,"Benzofuran, 4,7-dimethyl-",[H]C1=C([H])C2=C(C([H])=C([H])C(=C2O1)C([H])([H])[H])C([H])([H])[H],PFXVPEGRXODMIQ-UHFFFAOYSA-N,C10H10O,146.1858,146.073164942
HMDB0059901,Hemimellitene,CC1=CC=CC(C)=C1C,FYGHSUNMUKGBRK-UHFFFAOYSA-N,C9H12,120.1916,120.093900384
HMDB0059906,Megastigmatrienone,[H]\C(C=C)=C(\[H])C1C(C)=CC(=O)CC1(C)C,YKVWPZJHENXDAJ-VOTSOKGWSA-N,C13H18O,190.2814,190.135765198
HMDB0059907,Tetradecane,CCCCCCCCCCCCCC,BGHCVCJVXZWKCC-UHFFFAOYSA-N,C14H30,198.388,198.23475096
HMDB0059909,Eicosane,CCCCCCCCCCCCCCCCCCCC,CBFCDTFDPHXCNY-UHFFFAOYSA-N,C20H42,282.5475,282.328651344
HMDB0059924,p-Xylene,CC1=CC=C(C)C=C1,URLKBWYHVLBVBO-UHFFFAOYSA-N,C8H10,106.165,106.07825032
HMDB0060180,D-Glycerate 3-phosphate,O[C@H](COP(O)(O)=O)C(O)=O,OSJPPGNTCRNQQC-UWTATZPHSA-N,C3H7O7P,186.0572,185.99293909
HMDB0060256,L-Xylonic acid,OC[C@H](O)[C@@H](O)[C@H](O)C(O)=O,QXKAIJAYHKCRRA-NUNKFHFFSA-N,C5H10O6,166.1293,166.047738052
HMDB0061385,Triclosan,OC1=CC(Cl)=CC=C1OC1=C(Cl)C=C(Cl)C=C1,XEFQLINVKFYRCS-UHFFFAOYSA-N,C12H7Cl3O2,289.542,287.951162589
HMDB0061717,Succinylcarnitine,C[N+](C)(C)C[C@@H](CC([O-])=O)OC(=O)CCC(O)=O,HAEVNYBCYZZDFL-MRVPVSSYSA-N,C11H19NO6,261.274,261.121237336
HMDB0061779,Isocaryophyllene,[H][C@]12CC(C)(C)[C@]1([H])CC\C(C)=C/CCC2=C,NPNUFJAVOOONJE-FLFDDASRSA-N,C15H24,204.357,204.187800773
HMDB0061780,"1,1,2-Trimethyl-3,5-bis(1-methylethenyl)cyclohexane",CC1C(CC(CC1(C)C)C(C)=C)C(C)=C,JGZYEZBCFOHEEC-UHFFFAOYSA-N,C15H26,206.3669,206.203450832
HMDB0061781,10-Methyltridecanoic acid,CCCC(C)CCCCCCCCC(O)=O,OVRJJCKGCSPVGT-UHFFFAOYSA-N,C14H28O2,228.3709,228.20893014
HMDB0061782,Heneicosane,CCCCCCCCCCCCCCCCCCCCC,FNAZRRHPUDJQCJ-UHFFFAOYSA-N,C21H44,296.5741,296.344301408
HMDB0061783,(E)-Hept-2-ene,[H]\C(C)=C(\[H])CCCC,OTTZHAVKAVGASB-HWKANZROSA-N,C7H14,98.1861,98.109550448
HMDB0061785,3-Methyl-3-phenylazetidine,CC1(CNC1)C1=CC=CC=C1,YOLLUMURPUEOJW-UHFFFAOYSA-N,C10H13N,147.2169,147.104799421
HMDB0061786,n-Propylbenzamide,CCCN=C(O)C1=CC=CC=C1,DYZWXBMTHNHXML-UHFFFAOYSA-N,C10H13NO,163.2163,163.099714043
HMDB0061787,"(3E,5E)-2,6-Dimethyl-1,3,5,7-octatetraene",[H]\C(=C(\[H])C(C)=C)\C(\[H])=C(/C)C=C,HPZWSJQQCJZBBG-LQPGMRSMSA-N,C10H14,134.2182,134.109550448
HMDB0061789,"2,6-Dimethyl-2,4,6-octatriene",CC=C(C)C=CC=C(C)C,GQVMHMFBVWSSPF-UHFFFAOYSA-N,C10H16,136.234,136.125200512
HMDB0061790,Santolina triene,CC(C)=CC(C=C)C(C)=C,ZQGDEJAPCUGBRH-UHFFFAOYSA-N,C10H16,136.238,136.125200515
HMDB0061791,"2,7,7-Trimethyl-bicyclo[2.2.1]hept-2-ene",CC1=CC2CCC1C2(C)C,QWEFTWKQGYFNTF-UHFFFAOYSA-N,C10H16,136.234,136.125200512
HMDB0061792,"3-Methylene-1,5,5-trimethylcyclohexene",CC1=CC(=C)CC(C)(C)C1,ZKXYHQFGFMZPPJ-UHFFFAOYSA-N,C10H16,136.234,136.125200512
HMDB0061793,Isolimonene,[H][C@@]1(C)CC[C@]([H])(C=C1)C(C)=C,TWCNAXRPQBLSNO-UWVGGRQHSA-N,C10H16,136.234,136.125200512
HMDB0061795,"(S)-3,7-Dimethyl-1,6-octadiene",[H][C@](C)(CCC=C(C)C)C=C,FUDNBFMOXDUIIE-SNVBAGLBSA-N,C10H18,138.2499,138.140850576
HMDB0061796,cis-Carane,CC1CCC2C(C1)C2(C)C,BWRHOYDPVJPXMF-UHFFFAOYSA-N,C10H18,138.254,138.14085058
HMDB0061797,2-Menthene,[H][C@@]1(C)CC[C@@]([H])(C=C1)C(C)C,WHNGPXQYYRWQAS-VHSXEESVSA-N,C10H18,138.2499,138.140850576
HMDB0061798,1-Methyl-3-(2-methyl-1-propenyl)cyclopentane,CC1CCC(C1)C=C(C)C,ZNVLSGKSXSJTNY-UHFFFAOYSA-N,C10H18,138.2499,138.140850576
HMDB0061799,1-Methyl-3-(2-methyl-2-propenyl)-cyclopentane,CC1CCC(CC(C)=C)C1,LRXVCZRWTBKTGT-UHFFFAOYSA-N,C10H18,138.2499,138.140850576
HMDB0061800,1-(3-Methylbutyl)-cyclopentene,CC(C)CCC1=CCCC1,LDBWEVZRYRUOOH-UHFFFAOYSA-N,C10H18,138.2499,138.140850576
HMDB0061801,3-(2-Methylpropyl)-cyclohexene,CC(C)CC1CCCC=C1,NVLNRIBMCIJLQD-UHFFFAOYSA-N,C10H18,138.2499,138.140850576
HMDB0061802,5-Methyl-2-(1-methylethyl)-cyclohexanone,[H]C1(C)CC[C@]([H])(C(C)C)C(=O)C1,NFLGAXVYCFJBMK-YGPZHTELSA-N,C10H18O,154.2493,154.135765198
HMDB0061803,cis-3-Decene,[H]\C(CC)=C(/[H])CCCCCC,GVRWIAHBVAYKIZ-ALCCZGGFSA-N,C10H20,140.2658,140.15650064
HMDB0061805,(2S)-2-Ethylhexyl acetate,[H][C@](CC)(CCCC)COC(C)=O,WOYWLLHHWAMFCB-JTQLQIEISA-N,C10H20O2,172.2646,172.146329884
HMDB0061806,"3,3,5-Trimethylheptane",CCC(C)CC(C)(C)CC,VRVRZZWPKABUOE-UHFFFAOYSA-N,C10H22,142.2817,142.172150704
HMDB0061807,alpha-Trichloromethylbenzyl acetate,CC(=O)OC(C1=CC=CC=C1)C(Cl)(Cl)Cl,JKRWZLOCPLZZEI-UHFFFAOYSA-N,C10H9Cl3O2,267.536,265.966812653
HMDB0061808,(3-Methyl-2-butenyl)-benzene,CC(C)=CCC1=CC=CC=C1,XGADZHWYGCKKJF-UHFFFAOYSA-N,C11H14,146.2289,146.109550448
HMDB0061809,1-Methyl-4-(1-methylpropyl)-benzene,CCC(C)C1=CC=C(C)C=C1,LWCFXYMSEGQWNB-UHFFFAOYSA-N,C11H16,148.2447,148.125200512
HMDB0061810,"2,4-Dimethyl-1-(1-methylethyl)-benzene",CC(C)C1=C(C)C=C(C)C=C1,AADQFNAACHHRLT-UHFFFAOYSA-N,C11H16,148.2447,148.125200512
HMDB0061811,4-Methyl-2-methylene-1-(1methylethylidene)-cyclohexane,CC1CCC(=C(C)C)C(=C)C1,CDVJOIYHIIZJKX-UHFFFAOYSA-N,C11H18,150.2606,150.140850576
HMDB0061812,(E)-5-Undecene,[H]\C(CCCC)=C(\[H])CCCCC,NGCRXXLKJAAUQQ-PKNBQFBNSA-N,C11H22,154.2924,154.172150704
HMDB0061813,1-(1-Methylethenyl)-4-(1-methylethyl)benzene,CC(C)C1=CC=C(C=C1)C(C)=C,XMCNZCCURGYSDQ-UHFFFAOYSA-N,C12H16,160.2554,160.125200512
HMDB0061814,1-(1-methylethenyl)-3-(1-methylethyl)-benzene,CC(C)C1=CC=CC(=C1)C(C)=C,BDXXZCIRCYKRBT-UHFFFAOYSA-N,C12H16,160.2554,160.125200512
HMDB0061815,Hexylbenzene,CCCCCCC1=CC=CC=C1,LTEQMZWBSYACLV-UHFFFAOYSA-N,C12H18,162.2713,162.140850576
HMDB0061816,"3,7-Dimethyl-2,6-octadien-1-ylacetate",CC(C)=CCCC(C)=CCOC(C)=O,HIGQPQRQIQDZMP-UHFFFAOYSA-N,C12H20O2,196.286,196.146329884
HMDB0061817,"1,1'-Ethylidenebis-cyclopentane",CC(C1CCCC1)C1CCCC1,XWKIKXOZAGBKSO-UHFFFAOYSA-N,C12H22,166.3031,166.172150704
HMDB0061818,"(E,Z)-2,4-Dodecadiene",[H]\C(C)=C(\[H])/C(/[H])=C(/[H])CCCCCCC,NJMCFBIRFRIKSQ-PKWCJPJFSA-N,C12H22,166.3031,166.172150704
HMDB0061819,(E)-2-Dodecene,[H]\C(C)=C(\[H])CCCCCCCCC,ADOQBZAVKYCFOI-HWKANZROSA-N,C12H24,168.319,168.187800768
HMDB0061820,(Z)-3-Dodecene,[H]\C(CC)=C(/[H])CCCCCCCC,WLTSXAIICPDFKI-ALCCZGGFSA-N,C12H24,168.319,168.187800768
HMDB0061821,(E)-3-Dodecene,[H]\C(CC)=C(\[H])CCCCCCCC,WLTSXAIICPDFKI-FNORWQNLSA-N,C12H24,168.319,168.187800768
HMDB0061822,Hexaethylene glycol,OCCOCCOCCOCCOCCOCCO,IIRDTKBZINWQAW-UHFFFAOYSA-N,C12H26O7,282.3306,282.167853186
HMDB0061823,3-Hexenyl salicylic acid,[H]\C(CC)=C(\[H])CCOC(=O)C1=CC=CC=C1O,IEPWIPZLLIOZLU-ONEGZZNKSA-N,C13H16O3,220.2643,220.109944378
HMDB0061824,1-Methyl-4-(1-methyl-2-propenyl)-benzene,CC=CC1=C(C)C=CC(=C1)C(C)C,IRICXAFZMINCTB-UHFFFAOYSA-N,C13H18,174.282,174.140850576
HMDB0061825,1-Phenylheptane,CCCCCCCC1=CC=CC=C1,LBNXAWYDQUGHGX-UHFFFAOYSA-N,C13H20,176.2979,176.15650064
HMDB0061826,1-Methyl-2-n-hexylbenzene,CCCCCCC1=CC=CC=C1C,BNXNQXKAEVKUJG-UHFFFAOYSA-N,C13H20,176.2979,176.15650064
HMDB0061827,6-Tridecene,[H]\C(CCCCC)=C(/[H])CCCCCC,QHOMPCGOCNNMFK-QBFSEMIESA-N,C13H26,182.3455,182.203450832
HMDB0061828,9-Methyldodecanoic acid,CCCC(C)CCCCCCCC(O)=O,NQWYEPPIHUGBHF-UHFFFAOYSA-N,C13H26O2,214.3443,214.193280076
HMDB0061829,Isopropyl dodecanoic acid,CCCCCCCCCC(=O)OC(C)C,PKPPDYGHKDIKBH-UHFFFAOYSA-N,C13H26O2,214.3443,214.193280076
HMDB0061831,(Z)-alpha-Irone,[H]\C(=C(/[H])[C@]1([H])C(C)=CCC([H])(C)C1(C)C)C(C)=O,JZQOJFLIJNRDHK-HWELFCKPSA-N,C14H22O,206.3239,206.167065326
HMDB0061832,1-Acetyl-2-methylcyclopentene,CC1CC(CC(C1C)C(C)=C)C(C)=C,PLHCNOGRIXPXHK-UHFFFAOYSA-N,C14H24,192.3404,192.187800768
HMDB0061833,(E)-7-Tetradecene,[H]\C(CCCCCC)=C(\[H])CCCCCC,UBDIXSAEHLOROW-BUHFOSPRSA-N,C14H28,196.3721,196.219100896
HMDB0061834,1-Tetradecene,CCCCCCCCCCCCC=C,HFDVRLIODXPAHB-UHFFFAOYSA-N,C14H28,196.3721,196.219100896
HMDB0061835,Heptaethylene glycol,OCCOCCOCCOCCOCCOCCOCCO,XPJRQAIZZQMSCM-UHFFFAOYSA-N,C14H30O8,326.3832,326.194067936
HMDB0061836,bis(Benzyloxy)methane,C(OCC1=CC=CC=C1)OCC1=CC=CC=C1,JCTHGPXQXLMSDK-UHFFFAOYSA-N,C15H16O2,228.2863,228.115029756
HMDB0061837,Calamenene,[H][C@@]1(C)CC[C@]([H])(C(C)C)C2=C1C=CC(C)=C2,PGTJIOWQJWHTJJ-CHWSQXEVSA-N,C15H22,202.3352,202.172150704
HMDB0061838,(-)-alpha-Curcumene,[H][C@@](C)(CCC=C(C)C)C1=CC=C(C)C=C1,VMYXUZSZMNBRCN-CQSZACIVSA-N,C15H22,202.3352,202.172150704
HMDB0061839,Ethylhexyl salicylate,CCCCC(CC)COC(=O)C1=CC=CC=C1O,FMRHJJZUHUTGKE-UHFFFAOYSA-N,C15H22O3,250.3334,250.15689457
HMDB0061840,beta-Clovene,CC1(C)CC2C1CC1C(=C)CCCC21C,NRJSJVYGFMVJAR-UHFFFAOYSA-N,C15H24,204.3511,204.187800768
HMDB0061841,"trans-Muurola-4(14),5-diene",[H][C@]1(C)CC[C@]([H])(C(C)C)C2=CC(=C)CCC12[H],RNDFUOKDULDZPR-WLDKUNSKSA-N,C15H24,204.3511,204.187800768
HMDB0061843,"1R,3Z,9S-2,6,10,10 Tetramethylbicyclo[7.2.0]undeca-2,6-diene",[H]\C1=C(C)\C2CC(C)(C)C2C\C([H])=C(C)/CC1,ULWLVRZSZQKPOE-HONFXZPPSA-N,C15H24,204.3511,204.187800768
HMDB0061845,Humulen-(v1),[H]\C1=C(C)\CCCC(=C)C2CC(C)(C)C2C1,NSMRKFBAPAOVQL-FLIBITNWSA-N,C15H24,204.3511,204.187800768
HMDB0061846,"1S,2S,5R-1,4,4 Trimethyltricyclo[6.3.1.0(2,5)]dodec-8(9)- ene",CC1(C)CC2C1CCC1=CCCC2(C)C1,LRDGPLGHXZSQGB-UHFFFAOYSA-N,C15H24,204.3511,204.187800768
HMDB0061848,beta-Elemene,CC(=C)[C@@H]1CC[C@@](C)(C=C)[C@@H](C1)C(C)=C,OPFTUNCRGUEPRZ-QLFBSQMISA-N,C15H24,204.3511,204.187800768
HMDB0061849,(+)-Ledene,[H][C@@]12CCC(C)=C3CC[C@@]([H])(C)[C@@]3([H])[C@]1([H])C2(C)C,WGTRJVCFDUCKCM-FMKGYKFTSA-N,C15H24,204.3511,204.187800768
HMDB0061850,alpha-Bourbonene,CC(C)C1CCC2(C)C3CC=C(C)C3C12,FAIMMSRDTUMTQR-UHFFFAOYSA-N,C15H24,204.3511,204.187800768
HMDB0061851,alpha-Copaene,CC(C)[C@@H]1CC[C@]2(C)[C@H]3CC=C(C)[C@@H]2[C@@H]13,VLXDPFLIRFYIME-BTFPBAQTSA-N,C15H24,204.357,204.187800773
HMDB0061852,Ylangene,[H]C12CC=C(C)C3([H])C1([H])[C@]([H])(CC[C@]23C)C(C)C,VLXDPFLIRFYIME-XTLGRWLVSA-N,C15H24,204.3511,204.187800768
HMDB0061853,beta-Cubebene,CC(C)[C@@H]1CC[C@@H](C)[C@@]23CCC(=C)[C@@H]2[C@@H]13,FSRZGYRCMPZNJF-KHMAMNHCSA-N,C15H24,204.3511,204.187800768
HMDB0061854,8-Anilino-1-naphthalene sulfonate,OS(=O)(=O)C1=C2C(NC3=CC=CC=C3)=CC=CC2=CC=C1,FWEOQOXTVHGIFQ-UHFFFAOYSA-N,C16H13NO3S,299.344,299.061613977
HMDB0061855,4-Methylpentadecane,CCCCCCCCCCCC(C)CCC,ODDVOCXSLXTIIU-UHFFFAOYSA-N,C16H34,226.4412,226.266051088
HMDB0061856,"1,1'-Oxybisoctane",CCCCCCCCOCCCCCCCC,NKJOXAZJBOMXID-UHFFFAOYSA-N,C16H34O,242.4406,242.26096571
HMDB0061857,6-Phenylundecane,CCCCCC(CCCCC)C1=CC=CC=C1,WCABIRIFXVXGQH-UHFFFAOYSA-N,C17H28,232.4042,232.219100896
HMDB0061859,Methyl hexadecanoic acid,CCCCCCCCCCCCCCCC(=O)OC,FLIACVVOZYBSBS-UHFFFAOYSA-N,C17H34O2,270.4507,270.255880332
HMDB0061860,"2-Acetyl-3,5,5,6,8,8-hexamethyl-5,6,7,8- tetrahydronaphthalene",CC1CC(C)(C)C2=C(C=C(C)C(=C2)C(C)=O)C1(C)C,DNRJTBAOUJJKDY-UHFFFAOYSA-N,C18H26O,258.3984,258.198365454
HMDB0061861,Octyl 4-methoxycinnamic acid,[H]\C(=C(\[H])C1=CC=C(OC)C=C1)C(=O)OCC(CC)CCCC,YBGZDTIWKVFICR-JLHYYAGUSA-N,C18H26O3,290.3972,290.188194698
HMDB0061862,2-Nonadecanone,CCCCCCCCCCCCCCCCCC(C)=O,IEDKVDCIEARIIU-UHFFFAOYSA-N,C19H38O,282.5044,282.292265838
HMDB0061863,3-Methyloctadecane,CCCCCCCCCCCCCCCC(C)CC,PGZRTPKNSFMAOP-UHFFFAOYSA-N,C19H40,268.5209,268.31300128
HMDB0061864,Dihomolinoleic acid,CCCCC\C=C/C=C\CCCCCCCCC(O)=O,GKJZMAHZJGSBKD-JPDBVBESSA-N,C18H32O2,280.452,280.24023027
HMDB0061865,Docosane,CCCCCCCCCCCCCCCCCCCCCC,HOWGUJZVBDQJKV-UHFFFAOYSA-N,C22H46,310.6006,310.359951472
HMDB0061866,Tricosane,CCCCCCCCCCCCCCCCCCCCCCC,FIGVVZUWCLSUEI-UHFFFAOYSA-N,C23H48,324.6272,324.375601536
HMDB0061867,Hexacosane,CCCCCCCCCCCCCCCCCCCCCCCCCC,HMSWAIKSFDFLKN-UHFFFAOYSA-N,C26H54,366.707,366.422551728
HMDB0061868,Octacosane,CCCCCCCCCCCCCCCCCCCCCCCCCCCC,ZYURHZPYMFLWSH-UHFFFAOYSA-N,C28H58,394.7601,394.453851856
HMDB0061869,Acetonitrile,CC#N,WEVYAHXRMPXWCK-UHFFFAOYSA-N,C2H3N,41.0519,41.026549101
HMDB0061871,1-(Methylthio)-propane,CCCSC,ZOASGOXWEHUTKZ-UHFFFAOYSA-N,C4H10S,90.187,90.05032101
HMDB0061872,Isothiocyanatocyclopropane,S=C=NC1CC1,JGFBQFKZKSSODQ-UHFFFAOYSA-N,C4H5NS,99.154,99.014269855
HMDB0061873,3-Buten-2-one,CC(=O)C=C,FUSUHKVFWTUUBE-UHFFFAOYSA-N,C4H6O,70.0898,70.041864814
HMDB0061874,Methacrolein,CC(=C)C=O,STNJBCKSHOAVAJ-UHFFFAOYSA-N,C4H6O,70.0898,70.041864814
HMDB0061875,2-(Dimethylamino)acetonitrile,CN(C)CC#N,PLXBWEPPAAQASG-UHFFFAOYSA-N,C4H8N2,84.1197,84.068748266
HMDB0061876,(Z)-1-(Methylthio)-1-propene,[H]\C(C)=C(/[H])SC,YJOGCMRDEUBRJD-ARJAWSKDSA-N,C4H8S,88.171,88.034670946
HMDB0061877,4-Amino-3-hydroxybutyrate,NCC(O)CC(O)=O,YQGDEPYYFWUPGO-UHFFFAOYSA-N,C4H9NO3,119.1192,119.058243159
HMDB0061880,N-Acetyl-beta-alanine,CC(=O)NCCC(O)=O,LJLLAWRMBZNPMO-UHFFFAOYSA-N,C5H9NO3,131.1299,131.058243159
HMDB0061881,4-Acetylbutyrate,CC(=O)CCCC(O)=O,MGTZCLMLSSAXLD-UHFFFAOYSA-N,C6H10O3,130.1418,130.062994186
HMDB0061882,3-Methyl-1-penten-3-ol,CCC(C)(O)C=C,HFYAEUXHCMTPOL-UHFFFAOYSA-N,C6H12O,100.1589,100.088815006
HMDB0061884,2-Methylpentane,CCCC(C)C,AFABGHUZZDYHJO-UHFFFAOYSA-N,C6H14,86.1754,86.109550448
HMDB0061885,3-Methylpentane,CCC(C)CC,PFEOZHBOMNWTJB-UHFFFAOYSA-N,C6H14,86.1754,86.109550448
HMDB0061886,2-Hexanol,CCCCC(C)O,QNVRIHYSUZMSGM-UHFFFAOYSA-N,C6H14O,102.1748,102.10446507
HMDB0061887,3-Methylpyridine,CC1=CN=CC=C1,ITQTTZVARXURQS-UHFFFAOYSA-N,C6H7N,93.1265,93.057849229
HMDB0061888,2-Methylpyridine,CC1=CC=CC=N1,BSKHPKMHTQYZBB-UHFFFAOYSA-N,C6H7N,93.1265,93.057849229
HMDB0061890,Pyroglutamylglycine,NC(C(O)=O)C(=O)C1CCC(O)=N1,MGEFGYONNZYSPY-UHFFFAOYSA-N,C7H10N2O4,186.1653,186.064056818
HMDB0061892,2-Heptene,[H]\C(C)=C(/[H])CCCC,OTTZHAVKAVGASB-HYXAFXHYSA-N,C7H14,98.1861,98.109550448
HMDB0061893,(E)-Hept-3-ene,[H]\C(CC)=C(\[H])CCC,WZHKDGJSXCTSCK-FNORWQNLSA-N,C7H14,98.1861,98.109550448
HMDB0061894,"(E)-4,4-Dimethyl-2-pentene",[H]\C(C)=C(\[H])C(C)(C)C,BIDIHFPLDRSAMB-AATRIKPKSA-N,C7H14,98.1861,98.109550448
HMDB0061895,"2,4-Dimethyl-2-pentene",CC(C)C=C(C)C,VVCFYASOGFVJFN-UHFFFAOYSA-N,C7H14,98.1861,98.109550448
HMDB0061896,2-Methyl-3-hexanone,CCCC(=O)C(C)C,HIGGFWFRAWSMBR-UHFFFAOYSA-N,C7H14O,114.1855,114.10446507
HMDB0061897,"(Z)-1,3-Octadiene",[H]\C1=C(\[H])/C(/[H])=C([H])\CCCC1,RRKODOZNUZCUBN-HSFFGMMNSA-N,C8H12,108.1809,108.093900384
HMDB0061898,Methyl-1-cyclopenten-1-yl)-ethanone,CC(=O)C1=C(C)CCC1,HDURLXYBKGWETC-UHFFFAOYSA-N,C8H12O,124.1803,124.088815006
HMDB0061899,2-(Methylenebutyl)-cyclopropane,[H][C@]1(CC)C[C@@]1([H])C1CC1,VDKZAQZRSGYRSL-POYBYMJQSA-N,C8H14,110.1968,110.109550448
HMDB0061900,"2,4-Octadiene",[H]\C(C)=C(\[H])/C(/[H])=C(\[H])CCC,NZLCAHVLJPDRBL-VSAQMIDASA-N,C8H14,110.1968,110.109550448
HMDB0061902,"2,5-Dimethyl-2,4-hexadiene",CC(C)=CC=C(C)C,DZPCYXCBXGQBRN-UHFFFAOYSA-N,C8H14,110.1968,110.109550448
HMDB0061903,(Z)-2-Octene,[H]\C(C)=C(/[H])CCCCC,ILPBINAXDRFYPL-HYXAFXHYSA-N,C8H16,112.2126,112.125200512
HMDB0061904,(E)-2-Octene,CCCCCC=CC,ILPBINAXDRFYPL-UHFFFAOYSA-N,C8H16,112.2126,112.125200512
HMDB0061905,(Z)-3-Octene,[H]\C(CC)=C(/[H])CCCC,YCTDZYMMFQCTEO-ALCCZGGFSA-N,C8H16,112.2126,112.125200512
HMDB0061906,(E)-3-Octene,[H]\C(CC)=C(\[H])CCCC,YCTDZYMMFQCTEO-FNORWQNLSA-N,C8H16,112.2126,112.125200512
HMDB0061907,3-Methyleneheptane,CCCCC(=C)CC,XTVRLCUJHGUXCP-UHFFFAOYSA-N,C8H16,112.2126,112.125200512
HMDB0061908,3-Methyl-1-heptene,CCCCC(C)C=C,QDMFTFWKTYXBIW-UHFFFAOYSA-N,C8H16,112.2126,112.125200512
HMDB0061909,3-Methyl-3-heptene,[H]\C(CCC)=C(\C)CC,AAUHUDBDDBJONC-BQYQJAHWSA-N,C8H16,112.2126,112.125200512
HMDB0061910,(E)-4-Methyl-2-heptene,[H]\C(C)=C(\[H])C(C)CCC,SVGLFIBXFVQUQY-GQCTYLIASA-N,C8H16,112.2126,112.125200512
HMDB0061911,4-Methyl-3-heptene,[H]\C(CC)=C(\C)CCC,KKVVJQGDNYIIMN-SOFGYWHQSA-N,C8H16,112.2126,112.125200512
HMDB0061912,"3,4-Dimethylcyclohexanol",CC1CCC(O)CC1C,ZBAXJUPCYVIBSP-UHFFFAOYSA-N,C8H16O,128.212,128.120115134
HMDB0061913,"3,5-Dimethylcyclohexanol",CC1CC(C)CC(O)C1,WIYNOPYNRFPWNB-UHFFFAOYSA-N,C8H16O,128.212,128.120115134
HMDB0061915,2-Methylheptane,CCCCCC(C)C,JVSWJIKNEAIKJW-UHFFFAOYSA-N,C8H18,114.2285,114.140850576
HMDB0061918,"1,3-Dihydro-(2H)-indol-2-one",O=C1CC2=CC=CC=C2N1,JYGFTBXVXVMTGB-UHFFFAOYSA-N,C8H7NO,133.1473,133.052763851
HMDB0061919,2'-Hydroxyacetanilide,CC(O)=NC1=CC=CC=C1O,ADVGKWPZRIDURE-UHFFFAOYSA-N,C8H9NO2,151.1626,151.063328537
HMDB0061920,Prop-2-enylcyclohexane,C=CCC1CCCCC1,KVOZXXSUSRZIKD-UHFFFAOYSA-N,C9H16,124.2233,124.125200512
HMDB0061921,Niobium,[Nb+5],QUWPZPLTANKXAM-UHFFFAOYSA-N,Nb,92.9036,92.903634644
HMDB0061923,"1,3-Di-tert-butylbenzene",CC(C)(C)C1=CC(=CC=C1)C(C)(C)C,ILNDSSCEZZFNGE-UHFFFAOYSA-N,C14H22,190.3245,190.172150704
HMDB0061924,"2,3,5,8-Tetramethyldecane",CCC(C)CCC(C)CC(C)C(C)C,XTIADNINQBIUNR-UHFFFAOYSA-N,C14H30,198.388,198.23475096
HMDB0061925,Dehydroabietic acid,[H][C@@]12CCC3=CC(=CC=C3[C@@]1(C)CCC[C@@]2(C)C(O)=O)C(C)C,NFWKVWVWBFBAOV-MISYRCLQSA-N,C20H28O2,300.442,300.208930142
HMDB0061926,"P,P-Dioctyldiphenylamine",CCCCCCCCC1=CC=C(NC2=CC=C(CCCCCCCC)C=C2)C=C1,QAPVYZRWKDXNDK-UHFFFAOYSA-N,C28H43N,393.6477,393.339550381
HMDB0061927,5-Hydroxypentanoic acid,OCCCCC(O)=O,PHOJOSOUIAQEDH-UHFFFAOYSA-N,C5H10O3,118.1311,118.062994186
HMDB0061929,"Dihydro-4,4-dimethyl-2(3H)-furanone",CC1(C)COC(=O)C1,LZAKUZBAAQDJCF-UHFFFAOYSA-N,C6H10O2,114.1424,114.068079564
HMDB0061930,4-Ethoxy-4-oxobutanoic acid,CCOC(=O)CCC(O)=O,LOLKAJARZKDJTD-UHFFFAOYSA-N,C6H10O4,146.1412,146.057908808
HMDB0061931,"Tetrahydro-2,5-dimethyl-2H-pyranmethanol",CC1CCC(C)(CO)OC1,BJQJGDGEKXRYBA-UHFFFAOYSA-N,C8H16O2,144.2114,144.115029756
HMDB0061933,"1H-Indole-2,3-dione",O=C1NC2=CC=CC=C2C1=O,JXDYKVIHCLTXOP-UHFFFAOYSA-N,C8H5NO2,147.1308,147.032028409
HMDB0061934,Thiocarbamic acid,SC(S)=N,DKVNPHBNOWQYFE-UHFFFAOYSA-N,CH3NS2,93.171,92.970690481
HMDB0061935,"3,5-Bis(1,1-dimethylethyl)-4-hydroxy-benzoic acid ethyl ester",COC(=O)C1=CC(=C(O)C(=C1)C(C)(C)C)C(C)(C)C,UPVYFJALDJUSOV-UHFFFAOYSA-N,C16H24O3,264.36,264.172544634
HMDB0061936,Isooctanedioldibutyrate,CCCC(=O)OC[C@H](C)CC(C)(C)COC(=O)CCC,AOINFOWSJNYENI-CYBMUJFWSA-N,C16H30O4,286.412,286.214409446
HMDB0061938,Isoterpinolene,CC1CCC(C=C1)=C(C)C,CIPXOBMYVWRNLL-UHFFFAOYSA-N,C10H16,136.234,136.125200512
HMDB0061939,"Methyl-N,N-diethylthiocarbamate",CCN(CC)C(=S)S(C)=O,VQRMNXBTDRJEKI-UHFFFAOYSA-N,C6H13NOS2,179.304,179.043855423
HMDB0061942,cis-3-Hexenyl salicylate,CC\C=C/CCOC(=O)C1=CC=CC=C1O,IEPWIPZLLIOZLU-ARJAWSKDSA-N,C13H16O3,220.2643,220.109944378
HMDB0061943,Hexyl salicylic acid,CCCCCCOC(=O)C1=CC=CC=C1O,DUKPKQFHJQGTGU-UHFFFAOYSA-N,C13H18O3,222.2802,222.125594442
HMDB0061944,Trihydroxybutane,CCCC(O)(O)O,GTTSNKDQDACYLV-UHFFFAOYSA-N,C4H10O3,106.1204,106.062994186
HMDB0061945,2-Ethyl-2-hexenal,CCC\C=C(/CC)C=O,PYLMCYQHBRSDND-SOFGYWHQSA-N,C8H14O,126.1962,126.10446507
HMDB0061946,Hexyl dodecanoate,CCCCCCCCCCCC(=O)OCCCCCC,CMBYOWLFQAFZCP-UHFFFAOYSA-N,C18H36O2,284.4772,284.271530396
HMDB0062403,4-hydroxy-3-nitrophenylacetate,OC(=O)CC1=CC(=C(O)C=C1)[N+]([O-])=O,QBHBHOSRLDPIHG-UHFFFAOYSA-N,C8H7NO5,197.1449,197.032422339
HMDB0062558,Pyroglutamine,N[C@H]1CCC(=O)NC1=O,NPWMTBZSRRLQNJ-VKHMYHEASA-N,C5H8N2O2,128.131,128.058577506
HMDB0062562,Trans-urocanate,OC(=O)C=CC1=CN=CN1,LOIYMIARKYCTBW-UHFFFAOYSA-N,C6H6N2O2,138.126,138.042927441
